[
  {
    "onix": {
      "RecordReference": "9784003204429",
      "NotificationType": "03",
      "ProductIdentifier": {
        "ProductIDType": "15",
        "IDValue": "9784003204429"
      },
      "DescriptiveDetail": {
        "ProductComposition": "00",
        "ProductForm": "BZ",
        "Measure": [
          {
            "MeasureType": "01",
            "Measurement": "15",
            "MeasureUnitCode": "mm"
          },
          {
            "MeasureType": "02",
            "Measurement": "0",
            "MeasureUnitCode": "mm"
          }
        ],
        "Collection": {
          "CollectionType": "10",
          "TitleDetail": {
            "TitleType": "01",
            "TitleElement": [
              {
                "TitleElementLevel": "02",
                "TitleText": {
                  "content": "岩波文庫"
                }
              }
            ]
          }
        },
        "TitleDetail": {
          "TitleType": "01",
          "TitleElement": {
            "TitleElementLevel": "01",
            "TitleText": {
              "collationkey": "ハク ラクテン シセン",
              "content": "白楽天詩選 下"
            }
          }
        },
        "Contributor": [
          {
            "SequenceNumber": "1",
            "ContributorRole": [
              "B06"
            ],
            "PersonName": {
              "content": "川合 康三"
            }
          },
          {
            "SequenceNumber": "2",
            "ContributorRole": [
              "A01"
            ],
            "PersonName": {
              "content": "白 居易"
            }
          }
        ],
        "Language": [
          {
            "LanguageRole": "01",
            "LanguageCode": "jpn",
            "CountryCode": "JP"
          }
        ],
        "Extent": [
          {
            "ExtentType": "11",
            "ExtentValue": "413, 7",
            "ExtentUnit": "03"
          }
        ]
      },
      "CollateralDetail": {
        "TextContent": [
          {
            "TextType": "03",
            "ContentAudience": "00",
            "Text": "唐詩に新風を吹き込んだ白居易。三峡・杭州・蘇州など各地の風物をうたい、生涯の友元〓(じん)と友情の文学を確立。引退後は風雅を尽くした洛陽の大邸宅で、物心両面のゆとりを悠々と楽しむ。そこで実現した「閑適」「知足」の精神は、以後の文人理想の生き方。下巻には一〇三首を収録。"
          },
          {
            "TextType": "04",
            "ContentAudience": "00",
            "Text": "4 忠州時期-元和十四年・四十八歳‐元和十五年・四十九歳\n5 長安時期(二)-元和十五年・四十九歳‐長慶二年・五十一歳\n6 杭州時期-長慶二年・五十一歳‐長慶四年・五十三歳\n7 洛陽時期(一)-長慶四年・五十三歳‐宝暦元年・五十四歳\n8 蘇州時期-宝暦元年・五十四歳‐宝暦二年・五十五歳\n9 洛陽時期(二)-大和元年・五十六歳\n10 長安時期(三)-大和元年・五十六歳‐大和三年・五十八歳\n11 洛陽時期(三)-大和三年・五十八歳‐会昌六年・七十五歳"
          }
        ],
        "SupportingResource": [
          {
            "ResourceContentType": "01",
            "ContentAudience": "01",
            "ResourceMode": "03",
            "ResourceVersion": [
              {
                "ResourceForm": "02",
                "ResourceVersionFeature": [
                  {
                    "ResourceVersionFeatureType": "01",
                    "FeatureValue": "D502"
                  },
                  {
                    "ResourceVersionFeatureType": "04",
                    "FeatureValue": "9784003204429.jpg"
                  }
                ],
                "ResourceLink": "https://cover.openbd.jp/9784003204429.jpg"
              }
            ]
          }
        ]
      },
      "PublishingDetail": {
        "Imprint": {
          "ImprintIdentifier": [
            {
              "ImprintIDType": "19",
              "IDValue": "00"
            }
          ],
          "ImprintName": "岩波書店"
        },
        "PublishingDate": [
          {
            "PublishingDateRole": "01",
            "Date": ""
          }
        ]
      },
      "ProductSupply": {
        "SupplyDetail": {
          "ReturnsConditions": {
            "ReturnsCodeType": "04",
            "ReturnsCode": "02"
          },
          "ProductAvailability": "99"
        }
      }
    },
    "hanmoto": {
      "datecreated": "2015-08-20 05:22:09",
      "reviews": [
        {
          "post_user": "genkina",
          "reviewer": "嵐山光三郎（作家）",
          "source_id": 20,
          "kubun_id": 1,
          "source": "読売新聞",
          "choyukan": "",
          "han": "",
          "link": "",
          "appearance": "2012-07-15",
          "gou": ""
        }
      ],
      "dateshuppan": "2011-09",
      "datemodified": "2015-08-20 05:22:09"
    },
    "summary": {
      "isbn": "9784003204429",
      "title": "白楽天詩選 下",
      "volume": "",
      "series": "",
      "publisher": "岩波書店",
      "pubdate": "2011-09",
      "cover": "https://cover.openbd.jp/9784003204429.jpg",
      "author": "川合康三／翻訳 白居易／著"
    }
  }
]