[
  {
    "onix": {
      "RecordReference": "9784003203910",
      "NotificationType": "03",
      "ProductIdentifier": {
        "ProductIDType": "15",
        "IDValue": "9784003203910"
      },
      "DescriptiveDetail": {
        "ProductComposition": "00",
        "ProductForm": "BZ",
        "Measure": [
          {
            "MeasureType": "01",
            "Measurement": "150",
            "MeasureUnitCode": "mm"
          },
          {
            "MeasureType": "02",
            "Measurement": "0",
            "MeasureUnitCode": "mm"
          }
        ],
        "Collection": {
          "CollectionType": "10",
          "TitleDetail": {
            "TitleType": "01",
            "TitleElement": [
              {
                "TitleElementLevel": "02",
                "TitleText": {
                  "content": "岩波文庫"
                }
              }
            ]
          }
        },
        "TitleDetail": {
          "TitleType": "01",
          "TitleElement": {
            "TitleElementLevel": "01",
            "TitleText": {
              "collationkey": "チュウゴク ミンワシュウ",
              "content": "中国民話集"
            }
          }
        },
        "Contributor": [
          {
            "SequenceNumber": "1",
            "ContributorRole": [
              "B06"
            ],
            "PersonName": {
              "content": "飯倉 照平"
            }
          }
        ],
        "Language": [
          {
            "LanguageRole": "01",
            "LanguageCode": "jpn",
            "CountryCode": "JP"
          }
        ],
        "Extent": [
          {
            "ExtentType": "11",
            "ExtentValue": "403",
            "ExtentUnit": "03"
          }
        ]
      },
      "CollateralDetail": {
        "TextContent": [
          {
            "TextType": "03",
            "ContentAudience": "00",
            "Text": "かつて柳田国男が「驚くほど豊富な昔話の貯蔵地」と呼んだ中国。「さるかに合戦」「絵姿女房」「古屋の漏り」など、私たちが幼い頃から親しんできた日本の民話にもそのつよい影響が見られる。人口の90数パーセントを占める漢民族の語り伝えた民話から、代表的な話、また日本・朝鮮の民話との比較研究上注目すべきもの44篇を選び収めた。"
          },
          {
            "TextType": "04",
            "ContentAudience": "00",
            "Text": "1 村里のあたりで\n2 海と川のほとりで\n3 平原と山のはざまで\n4 人と人のあいだで\n5 男と女のかかわりで"
          }
        ]
      },
      "PublishingDetail": {
        "Imprint": {
          "ImprintIdentifier": [
            {
              "ImprintIDType": "19"
            }
          ],
          "ImprintName": "岩波書店"
        },
        "PublishingDate": [
          {
            "PublishingDateRole": "01",
            "Date": ""
          }
        ]
      },
      "ProductSupply": {
        "SupplyDetail": {
          "ReturnsConditions": {
            "ReturnsCodeType": "04",
            "ReturnsCode": "02"
          },
          "ProductAvailability": "99"
        }
      }
    },
    "hanmoto": {
      "datecreated": "2017-03-31 02:03:15",
      "dateshuppan": "1993-09",
      "datemodified": "2017-03-31 02:03:15"
    },
    "summary": {
      "isbn": "9784003203910",
      "title": "中国民話集",
      "volume": "",
      "series": "",
      "publisher": "岩波書店",
      "pubdate": "1993-09",
      "cover": "",
      "author": "飯倉照平／翻訳"
    }
  }
]