[
  {
    "onix": {
      "RecordReference": "9784003201732",
      "NotificationType": "03",
      "ProductIdentifier": {
        "ProductIDType": "15",
        "IDValue": "9784003201732"
      },
      "DescriptiveDetail": {
        "ProductComposition": "00",
        "ProductForm": "BZ",
        "Measure": [
          {
            "MeasureType": "01",
            "Measurement": "150",
            "MeasureUnitCode": "mm"
          },
          {
            "MeasureType": "02",
            "Measurement": "0",
            "MeasureUnitCode": "mm"
          }
        ],
        "Collection": {
          "CollectionType": "10",
          "TitleDetail": {
            "TitleType": "01",
            "TitleElement": [
              {
                "TitleElementLevel": "02",
                "TitleText": {
                  "content": "岩波文庫"
                }
              }
            ]
          }
        },
        "TitleDetail": {
          "TitleType": "01",
          "TitleElement": {
            "TitleElementLevel": "01",
            "TitleText": {
              "collationkey": "スイコデン",
              "content": "水滸伝 第9冊"
            }
          }
        },
        "Contributor": [
          {
            "SequenceNumber": "1",
            "ContributorRole": [
              "B06"
            ],
            "PersonName": {
              "content": "吉川 幸次郎"
            }
          },
          {
            "SequenceNumber": "2",
            "ContributorRole": [
              "B06"
            ],
            "PersonName": {
              "content": "清水 茂"
            }
          }
        ],
        "Language": [
          {
            "LanguageRole": "01",
            "LanguageCode": "jpn",
            "CountryCode": "JP"
          }
        ],
        "Extent": [
          {
            "ExtentType": "11",
            "ExtentValue": "268",
            "ExtentUnit": "03"
          }
        ]
      },
      "CollateralDetail": {
        "TextContent": [
          {
            "TextType": "04",
            "ContentAudience": "00",
            "Text": "忠義水滸伝 第九冊 \n目録 \n巻の五十九 呉用 金鈴の吊掛を賺きとり 宋江 西嶽華山を鬧がす / 7\n巻の六十 公孫勝 芒碭山にて魔を降し 晁天王 曾頭市にて箭に中る / 35\n巻の六十一 呉用 智もて玉麒麟を賺き 張順 夜る金沙渡を鬧がす / 63\n巻の六十二 冷箭を放って燕青 主を救い 法場を劫やかして石秀 楼より跳ぶ / 101\n巻の六十三 宋江 兵もて北京城を打ち 関勝 梁山泊を取らんことを議す / 141\n巻の六十四 呼延灼 月夜に関勝を賺き 宋公明 雪の天に索超を擒る / 171\n巻の六十五 托塔天王 夢の中に聖を顕わし 浪裏白跳 水の上に寃みを報す / 201\n巻の六十六 時遷 火もて翠雲楼を焼き 呉用 智もて大名府を取る / 227\n人物表 / 249\n第九冊あとがき / 259"
          }
        ]
      },
      "PublishingDetail": {
        "Imprint": {
          "ImprintIdentifier": [
            {
              "ImprintIDType": "19"
            }
          ],
          "ImprintName": "岩波書店"
        },
        "PublishingDate": [
          {
            "PublishingDateRole": "01",
            "Date": ""
          }
        ]
      },
      "ProductSupply": {
        "SupplyDetail": {
          "ReturnsConditions": {
            "ReturnsCodeType": "04",
            "ReturnsCode": "02"
          },
          "ProductAvailability": "99"
        }
      }
    },
    "hanmoto": {
      "datecreated": "2017-03-30 09:52:14",
      "dateshuppan": "1977-06",
      "datemodified": "2017-03-30 09:52:14"
    },
    "summary": {
      "isbn": "9784003201732",
      "title": "水滸伝 第9冊",
      "volume": "",
      "series": "",
      "publisher": "岩波書店",
      "pubdate": "1977-06",
      "cover": "",
      "author": "吉川幸次郎／翻訳 清水茂／翻訳"
    }
  }
]