[
  {
    "onix": {
      "RecordReference": "9784003204566",
      "NotificationType": "03",
      "ProductIdentifier": {
        "ProductIDType": "15",
        "IDValue": "9784003204566"
      },
      "DescriptiveDetail": {
        "ProductComposition": "00",
        "ProductForm": "BA",
        "ProductFormDetail": "B111",
        "Collection": {
          "CollectionType": "10",
          "TitleDetail": {
            "TitleType": "01",
            "TitleElement": [
              {
                "TitleElementLevel": "02",
                "TitleText": {
                  "collationkey": "イワナミブンコ",
                  "content": "岩波文庫"
                }
              }
            ]
          }
        },
        "TitleDetail": {
          "TitleType": "01",
          "TitleElement": {
            "TitleElementLevel": "01",
            "TitleText": {
              "collationkey": "モンゼン シヘン06",
              "content": "文選　詩篇（六）"
            }
          }
        },
        "Contributor": [
          {
            "SequenceNumber": "1",
            "ContributorRole": [
              "A01"
            ],
            "PersonName": {
              "collationkey": "カワイ コウゾウ",
              "content": "川合　康三"
            }
          },
          {
            "SequenceNumber": "2",
            "ContributorRole": [
              "A01"
            ],
            "PersonName": {
              "collationkey": "トミナガ カズト",
              "content": "富永　一登"
            }
          },
          {
            "SequenceNumber": "3",
            "ContributorRole": [
              "A01"
            ],
            "PersonName": {
              "collationkey": "カマタニ タケシ",
              "content": "釜谷　武志"
            }
          },
          {
            "SequenceNumber": "4",
            "ContributorRole": [
              "A01"
            ],
            "PersonName": {
              "collationkey": "ワダ　ヒデノブ",
              "content": "和田　英信"
            }
          },
          {
            "SequenceNumber": "5",
            "ContributorRole": [
              "A01"
            ],
            "PersonName": {
              "collationkey": "アサミ　ヨウジ",
              "content": "浅見　洋二"
            }
          },
          {
            "SequenceNumber": "6",
            "ContributorRole": [
              "A01"
            ],
            "PersonName": {
              "collationkey": "ミドリカワ　ヒデキ",
              "content": "緑川　英樹"
            }
          }
        ],
        "Language": [
          {
            "LanguageRole": "01",
            "LanguageCode": "jpn"
          }
        ],
        "Extent": [
          {
            "ExtentType": "11",
            "ExtentValue": "470",
            "ExtentUnit": "03"
          }
        ],
        "Subject": [
          {
            "SubjectSchemeIdentifier": "78",
            "SubjectCode": "0198"
          },
          {
            "SubjectSchemeIdentifier": "79",
            "SubjectCode": "31"
          }
        ],
        "Audience": [
          {
            "AudienceCodeType": "22",
            "AudienceCodeValue": "00"
          }
        ]
      },
      "CollateralDetail": {
        "TextContent": [
          {
            "TextType": "02",
            "ContentAudience": "00",
            "Text": "六世紀の編纂以降，東アジアの漢字文化圏全域に浸透した『文選』．その「詩篇」全訳注が全六冊で完結．編者・昭明太子の｢序｣も収載"
          },
          {
            "TextType": "03",
            "ContentAudience": "00",
            "Text": "六世紀に編纂されて以降，中国のみならず，東アジアの漢字文化圏全域に浸透した『文選』．その「詩篇」を，今日最高の水準で読み解いた全訳注が完結．最終冊となる本冊には，編者・昭明太子による｢序｣も収載．(全六冊完結)"
          },
          {
            "TextType": "04",
            "ContentAudience": "00",
            "Text": "第六冊のはじめに\n凡　例\n\n\n巻三〇　雑詩下，雑擬上\n　雑詩（ざっし） 下 　\n　雑擬（ざつぎ） 上\n\n【コラム】　永明体\n\n\n巻三一　雑擬下\n　雑擬（ざつぎ） 下\n\n【コラム】　模擬\n\n\n文選序（ 文選（もんぜん）の序（じょ））\n梁（りょう）・昭明太子（しょうめいたいし）（蕭統（しょうとう））\n\n\n地　図\n年　表\n作者別詩題索引\n\n\n【全六冊の構成】\n第一冊　巻一九（補亡，述徳，勧励），巻二〇（献詩，公讌，祖餞），巻二一（詠史）\n第二冊　巻二一（詠史（続），百一，遊仙），巻二二（招隠，反招隠，遊覧），巻二三（詠懐，哀傷）\n第三冊　巻二三（贈答一），巻二四（贈答二），巻二五（贈答三）\n第四冊　巻二五（贈答三（続）），巻二六（贈答四，行旅上），巻二七（行旅下，軍戎，郊廟，楽府上）\n第五冊　巻二八（楽府下，挽歌，雑歌），巻二九（雑詩上）\n第六冊　巻三〇（雑詩下，雑擬上），巻三一（雑擬下）"
          }
        ],
        "SupportingResource": [
          {
            "ResourceContentType": "01",
            "ContentAudience": "01",
            "ResourceMode": "03",
            "ResourceVersion": [
              {
                "ResourceForm": "02",
                "ResourceVersionFeature": [
                  {
                    "ResourceVersionFeatureType": "01",
                    "FeatureValue": "D502"
                  },
                  {
                    "ResourceVersionFeatureType": "04",
                    "FeatureValue": "9784003204566.jpg"
                  }
                ],
                "ResourceLink": "https://cover.openbd.jp/9784003204566.jpg"
              }
            ]
          }
        ]
      },
      "PublishingDetail": {
        "Imprint": {
          "ImprintIdentifier": [
            {
              "ImprintIDType": "19",
              "IDValue": "00"
            },
            {
              "ImprintIDType": "24",
              "IDValue": "0365"
            }
          ],
          "ImprintName": "岩波書店"
        },
        "PublishingDate": [
          {
            "PublishingDateRole": "01",
            "Date": "20190615"
          }
        ]
      },
      "ProductSupply": {
        "MarketPublishingDetail": {
          "MarketPublishingStatus": "00"
        },
        "SupplyDetail": {
          "ProductAvailability": "99",
          "Price": [
            {
              "PriceType": "03",
              "PriceAmount": "1070",
              "CurrencyCode": "JPY"
            }
          ]
        }
      }
    },
    "hanmoto": {
      "datemodified": "2019-06-06 10:15:15",
      "datecreated": "2019-05-11 10:12:08",
      "datekoukai": "2019-05-11"
    },
    "summary": {
      "isbn": "9784003204566",
      "title": "文選　詩篇（六）",
      "volume": "",
      "series": "",
      "publisher": "岩波書店",
      "pubdate": "20190615",
      "cover": "https://cover.openbd.jp/9784003204566.jpg",
      "author": "川合康三／著 富永一登／著 釜谷武志／著 和田英信／著 浅見洋二／著 緑川英樹／著"
    }
  }
]