[
  {
    "onix": {
      "RecordReference": "9784003203811",
      "NotificationType": "03",
      "ProductIdentifier": {
        "ProductIDType": "15",
        "IDValue": "9784003203811"
      },
      "DescriptiveDetail": {
        "ProductComposition": "00",
        "ProductForm": "BA",
        "ProductFormDetail": "B111",
        "Collection": {
          "CollectionType": "10",
          "TitleDetail": {
            "TitleType": "01",
            "TitleElement": [
              {
                "TitleElementLevel": "02",
                "TitleText": {
                  "collationkey": "イワナミブンコ",
                  "content": "岩波文庫　赤38-1"
                }
              }
            ]
          }
        },
        "TitleDetail": {
          "TitleType": "01",
          "TitleElement": {
            "TitleElementLevel": "01",
            "TitleText": {
              "collationkey": "トウソウデンキシュウ01",
              "content": "唐宋伝奇集　上"
            },
            "Subtitle": {
              "collationkey": "",
              "content": "南柯の一夢　他十一篇"
            }
          }
        },
        "Contributor": [
          {
            "SequenceNumber": "1",
            "ContributorRole": [
              "B06"
            ],
            "PersonName": {
              "collationkey": "イマムラ　ヨシオ",
              "content": "今村　与志雄"
            }
          }
        ],
        "Language": [
          {
            "LanguageRole": "01",
            "LanguageCode": "jpn"
          }
        ],
        "Extent": [
          {
            "ExtentType": "11",
            "ExtentValue": "304",
            "ExtentUnit": "03"
          }
        ],
        "Audience": [
          {
            "AudienceCodeType": "22",
            "AudienceCodeValue": "00"
          }
        ]
      },
      "CollateralDetail": {
        "TextContent": [
          {
            "TextType": "04",
            "ContentAudience": "00",
            "Text": "収録作品\n白い猿の妖怪——補江総白猿伝(無名氏)\n倩娘の魂——離魂記(陳玄祐)\n邯鄲夢の枕——枕中記(沈既済)\n妖女任氏の物語——任氏伝(沈既済)\n竜王の娘——柳毅(李朝威)\n紫玉の釵——霍小玉伝(蒋防)\n南柯の一夢——南柯太守伝(李公佐)\n敵討ち——謝小娥伝(李公佐)\n鳴珂曲の美女——李娃伝(白行簡)\n夢三題——三夢記(白行簡)\n長恨歌物語——長恨歌伝(陳鴻)\n鶯鶯との夜——鶯鶯伝(元稹)"
          }
        ]
      },
      "PublishingDetail": {
        "Imprint": {
          "ImprintIdentifier": [
            {
              "ImprintIDType": "19",
              "IDValue": "00"
            },
            {
              "ImprintIDType": "24",
              "IDValue": "0365"
            }
          ],
          "ImprintName": "岩波書店"
        },
        "PublishingDate": [
          {
            "PublishingDateRole": "01",
            "Date": "19880718"
          },
          {
            "PublishingDateRole": "11",
            "Date": "198807"
          }
        ]
      },
      "ProductSupply": {
        "SupplyDetail": {
          "ProductAvailability": "99",
          "Price": [
            {
              "PriceType": "03",
              "PriceAmount": "780",
              "CurrencyCode": "JPY"
            }
          ]
        }
      }
    },
    "hanmoto": {
      "datecreated": "2016-04-23 12:37:51",
      "dateshuppan": "1988-07",
      "datemodified": "2016-04-23 12:37:51"
    },
    "summary": {
      "isbn": "9784003203811",
      "title": "唐宋伝奇集　上 南柯の一夢　他十一篇",
      "volume": "",
      "series": "",
      "publisher": "岩波書店",
      "pubdate": "19880718",
      "cover": "",
      "author": "今村与志雄／翻訳"
    }
  }
]