[
  {
    "onix": {
      "RecordReference": "9784003201275",
      "NotificationType": "03",
      "ProductIdentifier": {
        "ProductIDType": "15",
        "IDValue": "9784003201275"
      },
      "DescriptiveDetail": {
        "ProductComposition": "00",
        "ProductForm": "BZ",
        "Measure": [
          {
            "MeasureType": "01",
            "Measurement": "150",
            "MeasureUnitCode": "mm"
          },
          {
            "MeasureType": "02",
            "Measurement": "0",
            "MeasureUnitCode": "mm"
          }
        ],
        "Collection": {
          "CollectionType": "10",
          "TitleDetail": {
            "TitleType": "01",
            "TitleElement": [
              {
                "TitleElementLevel": "02",
                "TitleText": {
                  "content": "岩波文庫"
                }
              }
            ]
          }
        },
        "TitleDetail": {
          "TitleType": "01",
          "TitleElement": {
            "TitleElementLevel": "01",
            "TitleText": {
              "collationkey": "サンゴクシ",
              "content": "三国志 : 完訳 7"
            }
          }
        },
        "Contributor": [
          {
            "SequenceNumber": "1",
            "ContributorRole": [
              "B06"
            ],
            "PersonName": {
              "content": "小川 環樹"
            }
          },
          {
            "SequenceNumber": "2",
            "ContributorRole": [
              "A01"
            ],
            "PersonName": {
              "content": "罗 贯中"
            }
          },
          {
            "SequenceNumber": "3",
            "ContributorRole": [
              "B06"
            ],
            "PersonName": {
              "content": "金田 純一郎"
            }
          }
        ],
        "Language": [
          {
            "LanguageRole": "01",
            "LanguageCode": "jpn",
            "CountryCode": "JP"
          }
        ],
        "Extent": [
          {
            "ExtentType": "11",
            "ExtentValue": "369",
            "ExtentUnit": "03"
          }
        ]
      },
      "CollateralDetail": {
        "TextContent": [
          {
            "TextType": "03",
            "ContentAudience": "00",
            "Text": "南中を平定し成都に還った孔明は、劉禅を擁し中原の地をうかがうが、戦況はかばかしからず病も重い。弟子に自分の亡き跡を細かく指示して息絶える。それを知った司馬懿は進軍する。だが車に孔明の木像が端座しているのを見、仰天して逃げ出してしまうのだった。"
          }
        ]
      },
      "PublishingDetail": {
        "Imprint": {
          "ImprintIdentifier": [
            {
              "ImprintIDType": "19"
            }
          ],
          "ImprintName": "岩波書店"
        },
        "PublishingDate": [
          {
            "PublishingDateRole": "01",
            "Date": ""
          }
        ]
      },
      "ProductSupply": {
        "SupplyDetail": {
          "ReturnsConditions": {
            "ReturnsCodeType": "04",
            "ReturnsCode": "02"
          },
          "ProductAvailability": "99"
        }
      }
    },
    "hanmoto": {
      "datecreated": "2016-01-05 17:20:32",
      "dateshuppan": "1988-07",
      "datemodified": "2016-01-05 17:20:32"
    },
    "summary": {
      "isbn": "9784003201275",
      "title": "三国志 : 完訳 7",
      "volume": "",
      "series": "",
      "publisher": "岩波書店",
      "pubdate": "1988-07",
      "cover": "",
      "author": "小川環樹／翻訳 罗贯中／著 金田純一郎／翻訳"
    }
  }
]