[
  {
    "onix": {
      "RecordReference": "9784003204511",
      "NotificationType": "03",
      "ProductIdentifier": {
        "ProductIDType": "15",
        "IDValue": "9784003204511"
      },
      "DescriptiveDetail": {
        "ProductComposition": "00",
        "ProductForm": "BZ",
        "Measure": [
          {
            "MeasureType": "01",
            "Measurement": "150",
            "MeasureUnitCode": "mm"
          },
          {
            "MeasureType": "02",
            "Measurement": "0",
            "MeasureUnitCode": "mm"
          }
        ],
        "Collection": {
          "CollectionType": "10",
          "TitleDetail": {
            "TitleType": "01",
            "TitleElement": [
              {
                "TitleElementLevel": "02",
                "TitleText": {
                  "content": "岩波文庫"
                }
              }
            ]
          }
        },
        "TitleDetail": {
          "TitleType": "01",
          "TitleElement": {
            "TitleElementLevel": "01",
            "TitleText": {
              "collationkey": "モンゼン : シヘン : 1",
              "content": "文選 : 詩篇 1"
            }
          }
        },
        "Contributor": [
          {
            "SequenceNumber": "1",
            "ContributorRole": [
              "A01"
            ],
            "PersonName": {
              "content": "和田 英信"
            }
          },
          {
            "SequenceNumber": "2",
            "ContributorRole": [
              "A01"
            ],
            "PersonName": {
              "content": "富永 一登"
            }
          },
          {
            "SequenceNumber": "3",
            "ContributorRole": [
              "A01"
            ],
            "PersonName": {
              "content": "川合 康三"
            }
          },
          {
            "SequenceNumber": "4",
            "ContributorRole": [
              "A01"
            ],
            "PersonName": {
              "content": "浅見 洋二"
            }
          },
          {
            "SequenceNumber": "5",
            "ContributorRole": [
              "A01"
            ],
            "PersonName": {
              "content": "緑川 英樹"
            }
          },
          {
            "SequenceNumber": "6",
            "ContributorRole": [
              "A01"
            ],
            "PersonName": {
              "content": "蕭 統"
            }
          },
          {
            "SequenceNumber": "7",
            "ContributorRole": [
              "A01"
            ],
            "PersonName": {
              "content": "釜谷 武志"
            }
          }
        ],
        "Language": [
          {
            "LanguageRole": "01",
            "LanguageCode": "jpn",
            "CountryCode": "JP"
          }
        ],
        "Extent": [
          {
            "ExtentType": "11",
            "ExtentValue": "414",
            "ExtentUnit": "03"
          }
        ]
      },
      "CollateralDetail": {
        "TextContent": [
          {
            "TextType": "03",
            "ContentAudience": "00",
            "Text": "中国文学の長い伝統の中心に屹立する詞華集『文選(もんぜん)』。紀元前二世紀から約八百年に及ぶ詩文の精華は、以降の中国文学の豊饒の源となり、万葉の昔から日本文学にも広く浸透した。彫琢を極めたその詩篇の全てを深く読み込み、精確な訳注を加える。(全六冊)"
          },
          {
            "TextType": "04",
            "ContentAudience": "00",
            "Text": "巻19 補亡、述徳、勧励(補亡\n述徳\n勧励)\n巻20 献詩、公讌、祖餞(献詩\n公讌\n祖餞)\n巻21 詠史、百一、遊仙(詠史)"
          }
        ]
      },
      "PublishingDetail": {
        "Imprint": {
          "ImprintIdentifier": [
            {
              "ImprintIDType": "19",
              "IDValue": "00"
            }
          ],
          "ImprintName": "岩波書店"
        },
        "PublishingDate": [
          {
            "PublishingDateRole": "01",
            "Date": ""
          }
        ]
      },
      "ProductSupply": {
        "SupplyDetail": {
          "ReturnsConditions": {
            "ReturnsCodeType": "04",
            "ReturnsCode": "02"
          },
          "ProductAvailability": "99"
        }
      }
    },
    "hanmoto": {
      "datecreated": "2018-02-23 09:34:19",
      "dateshuppan": "2018-1-16",
      "datemodified": "2018-02-23 09:34:19"
    },
    "summary": {
      "isbn": "9784003204511",
      "title": "文選 : 詩篇 1",
      "volume": "",
      "series": "",
      "publisher": "岩波書店",
      "pubdate": "2018-1-16",
      "cover": "",
      "author": "和田英信／著 富永一登／著 川合康三／著 浅見洋二／著 緑川英樹／著 蕭統／著 釜谷武志／著"
    }
  }
]