[
  {
    "onix": {
      "RecordReference": "9784003203316",
      "NotificationType": "03",
      "ProductIdentifier": {
        "ProductIDType": "15",
        "IDValue": "9784003203316"
      },
      "DescriptiveDetail": {
        "ProductComposition": "00",
        "ProductForm": "BZ",
        "Measure": [
          {
            "MeasureType": "01",
            "Measurement": "150",
            "MeasureUnitCode": "mm"
          }
        ],
        "Collection": {
          "CollectionType": "10",
          "TitleDetail": {
            "TitleType": "01",
            "TitleElement": [
              {
                "TitleElementLevel": "02",
                "TitleText": {
                  "content": "岩波文庫"
                }
              }
            ]
          }
        },
        "TitleDetail": {
          "TitleType": "01",
          "TitleElement": {
            "TitleElementLevel": "01",
            "PartNumber": "上",
            "TitleText": {
              "collationkey": "チュウゴク メイシセン",
              "content": "中国名詩選"
            }
          }
        },
        "Contributor": [
          {
            "SequenceNumber": "1",
            "ContributorRole": [
              "A01"
            ],
            "PersonName": {
              "content": "松枝 茂夫"
            }
          }
        ],
        "Language": [
          {
            "LanguageRole": "01",
            "LanguageCode": "jpn",
            "CountryCode": "JP"
          }
        ],
        "Extent": [
          {
            "ExtentType": "11",
            "ExtentValue": "345",
            "ExtentUnit": "03"
          }
        ]
      },
      "CollateralDetail": {
        "TextContent": [
          {
            "TextType": "03",
            "ContentAudience": "00",
            "Text": "中国詩は三千年もの豪華絢爛たる歴史をもち質量ともに世界に類を見ない。本書はそのうちから最も秀れた愛誦するにたる詩篇およそ六百首を精選し、訓読文と味わい深い現代語訳、注釈と作者略伝を付す。上巻には『詩経』から漢魏時代まで約百首を収めた。"
          },
          {
            "TextType": "04",
            "ContentAudience": "00",
            "Text": "古代北方の歌謡-『詩経』(関雎(周南)\n桃夭(周南) ほか)\n古代南方の歌謡-『楚辞』(離騒(節録)(屈原)\n湘夫人(節録)(屈原) ほか)\n漢代の歌謡(垓下歌(垓下の歌)(項羽)\n大風歌(大風の歌)(漢高祖) ほか)\n漢代の詩(四愁詩(四愁の詩)(張衡)\n行行重行行(行き行きて重ねて行き行く)(無名氏) ほか)\n三国時代魏の詩(短歌行(曹操)\n苦寒行(曹操) ほか)"
          }
        ],
        "SupportingResource": [
          {
            "ResourceContentType": "01",
            "ContentAudience": "01",
            "ResourceMode": "03",
            "ResourceVersion": [
              {
                "ResourceForm": "02",
                "ResourceVersionFeature": [
                  {
                    "ResourceVersionFeatureType": "01",
                    "FeatureValue": "D502"
                  },
                  {
                    "ResourceVersionFeatureType": "04",
                    "FeatureValue": "9784003203316.jpg"
                  }
                ],
                "ResourceLink": "https://cover.openbd.jp/9784003203316.jpg"
              }
            ]
          }
        ]
      },
      "PublishingDetail": {
        "Imprint": {
          "ImprintIdentifier": [
            {
              "ImprintIDType": "19"
            }
          ],
          "ImprintName": "岩波書店"
        },
        "PublishingDate": [
          {
            "PublishingDateRole": "01",
            "Date": ""
          }
        ]
      },
      "ProductSupply": {
        "MarketPublishingDetail": {
          "MarketPublishingStatus": "00",
          "MarketPublishingStatusNote": "1;"
        },
        "SupplyDetail": {
          "ProductAvailability": "99"
        }
      }
    },
    "hanmoto": {
      "datecreated": "2019-04-09 15:14:25",
      "dateshuppan": "1983-09",
      "datemodified": "2019-04-09 15:14:25"
    },
    "summary": {
      "isbn": "9784003203316",
      "title": "中国名詩選",
      "volume": "",
      "series": "",
      "publisher": "岩波書店",
      "pubdate": "1983-09",
      "cover": "https://cover.openbd.jp/9784003203316.jpg",
      "author": "松枝茂夫／著"
    }
  }
]