[
  {
    "onix": {
      "RecordReference": "9784003200315",
      "NotificationType": "03",
      "ProductIdentifier": {
        "ProductIDType": "15",
        "IDValue": "9784003200315"
      },
      "DescriptiveDetail": {
        "ProductComposition": "00",
        "ProductForm": "BZ",
        "Measure": [
          {
            "MeasureType": "01",
            "Measurement": "150",
            "MeasureUnitCode": "mm"
          },
          {
            "MeasureType": "02",
            "Measurement": "0",
            "MeasureUnitCode": "mm"
          }
        ],
        "Collection": {
          "CollectionType": "10",
          "TitleDetail": {
            "TitleType": "01",
            "TitleElement": [
              {
                "TitleElementLevel": "02",
                "TitleText": {
                  "content": "岩波文庫"
                }
              }
            ]
          }
        },
        "TitleDetail": {
          "TitleType": "01",
          "TitleElement": {
            "TitleElementLevel": "01",
            "TitleText": {
              "collationkey": "オウ イ シシュウ",
              "content": "王維詩集"
            }
          }
        },
        "Contributor": [
          {
            "SequenceNumber": "1",
            "ContributorRole": [
              "A01"
            ],
            "PersonName": {
              "content": "入谷 仙介"
            }
          },
          {
            "SequenceNumber": "2",
            "ContributorRole": [
              "B06"
            ],
            "PersonName": {
              "content": "小川 環樹"
            }
          },
          {
            "SequenceNumber": "3",
            "ContributorRole": [
              "A01"
            ],
            "PersonName": {
              "content": "王 維"
            }
          },
          {
            "SequenceNumber": "4",
            "ContributorRole": [
              "B06"
            ],
            "PersonName": {
              "content": "都留 春雄"
            }
          }
        ],
        "Language": [
          {
            "LanguageRole": "01",
            "LanguageCode": "jpn",
            "CountryCode": "JP"
          }
        ],
        "Extent": [
          {
            "ExtentType": "11",
            "ExtentValue": "288",
            "ExtentUnit": "03"
          }
        ]
      },
      "CollateralDetail": {
        "TextContent": [
          {
            "TextType": "04",
            "ContentAudience": "00",
            "Text": "新唐書王維伝\n王縉 王右丞集を進むる表\n双黄鵠の歌 別れを送る\n徐中書に贈る 終南山を望む歌\n友人の山に帰るを送る歌二首(うち一首)\n隴頭吟\n燕支行\n勅して百官に桜桃を賜う\n勅して岐王に九成宮を借し避暑せしむ 応教〔ほか〕"
          }
        ]
      },
      "PublishingDetail": {
        "Imprint": {
          "ImprintIdentifier": [
            {
              "ImprintIDType": "19"
            }
          ],
          "ImprintName": "岩波書店"
        },
        "PublishingDate": [
          {
            "PublishingDateRole": "01",
            "Date": ""
          }
        ]
      },
      "ProductSupply": {
        "SupplyDetail": {
          "ReturnsConditions": {
            "ReturnsCodeType": "04",
            "ReturnsCode": "02"
          },
          "ProductAvailability": "99"
        }
      }
    },
    "hanmoto": {
      "datecreated": "2016-04-11 19:47:01",
      "dateshuppan": "1972-01",
      "datemodified": "2016-04-11 19:47:01"
    },
    "summary": {
      "isbn": "9784003200315",
      "title": "王維詩集",
      "volume": "",
      "series": "",
      "publisher": "岩波書店",
      "pubdate": "1972-01",
      "cover": "",
      "author": "入谷仙介／著 小川環樹／翻訳 王維／著 都留春雄／翻訳"
    }
  }
]