[
  {
    "onix": {
      "RecordReference": "9784003201251",
      "NotificationType": "03",
      "ProductIdentifier": {
        "ProductIDType": "15",
        "IDValue": "9784003201251"
      },
      "DescriptiveDetail": {
        "ProductComposition": "00",
        "ProductForm": "BZ",
        "Measure": [
          {
            "MeasureType": "01",
            "Measurement": "150",
            "MeasureUnitCode": "mm"
          },
          {
            "MeasureType": "02",
            "Measurement": "0",
            "MeasureUnitCode": "mm"
          }
        ],
        "Collection": {
          "CollectionType": "10",
          "TitleDetail": {
            "TitleType": "01",
            "TitleElement": [
              {
                "TitleElementLevel": "02",
                "TitleText": {
                  "content": "岩波文庫"
                }
              }
            ]
          }
        },
        "TitleDetail": {
          "TitleType": "01",
          "TitleElement": {
            "TitleElementLevel": "01",
            "TitleText": {
              "collationkey": "サンゴクシ",
              "content": "三国志 : 完訳 5"
            }
          }
        },
        "Contributor": [
          {
            "SequenceNumber": "1",
            "ContributorRole": [
              "B06"
            ],
            "PersonName": {
              "content": "小川 環樹"
            }
          },
          {
            "SequenceNumber": "2",
            "ContributorRole": [
              "A01"
            ],
            "PersonName": {
              "content": "罗 贯中"
            }
          },
          {
            "SequenceNumber": "3",
            "ContributorRole": [
              "B06"
            ],
            "PersonName": {
              "content": "金田 純一郎"
            }
          }
        ],
        "Language": [
          {
            "LanguageRole": "01",
            "LanguageCode": "jpn",
            "CountryCode": "JP"
          }
        ],
        "Extent": [
          {
            "ExtentType": "11",
            "ExtentValue": "339",
            "ExtentUnit": "03"
          }
        ]
      },
      "CollateralDetail": {
        "TextContent": [
          {
            "TextType": "03",
            "ContentAudience": "00",
            "Text": "一たんは魏王の爵位を受けた曹操であったが、奇策を駆使する孔明の前に敗色濃く遂に漢中を捨てた。それを見るや諸侯もすべて降伏。蜀の勢いは大いに上り、「わが君はおん年五十をこえ、仁義のほまれ高く」と孔明、劉備に皇帝の位につくことをすすめる。"
          }
        ]
      },
      "PublishingDetail": {
        "Imprint": {
          "ImprintIdentifier": [
            {
              "ImprintIDType": "19"
            }
          ],
          "ImprintName": "岩波書店"
        },
        "PublishingDate": [
          {
            "PublishingDateRole": "01",
            "Date": ""
          }
        ]
      },
      "ProductSupply": {
        "SupplyDetail": {
          "ReturnsConditions": {
            "ReturnsCodeType": "04",
            "ReturnsCode": "02"
          },
          "ProductAvailability": "99"
        }
      }
    },
    "hanmoto": {
      "datecreated": "2016-01-06 06:22:39",
      "dateshuppan": "1988-07",
      "datemodified": "2016-01-06 06:22:39"
    },
    "summary": {
      "isbn": "9784003201251",
      "title": "三国志 : 完訳 5",
      "volume": "",
      "series": "",
      "publisher": "岩波書店",
      "pubdate": "1988-07",
      "cover": "",
      "author": "小川環樹／翻訳 罗贯中／著 金田純一郎／翻訳"
    }
  }
]