[
  {
    "onix": {
      "RecordReference": "9784003203828",
      "NotificationType": "03",
      "ProductIdentifier": {
        "ProductIDType": "15",
        "IDValue": "9784003203828"
      },
      "DescriptiveDetail": {
        "ProductComposition": "00",
        "ProductForm": "BA",
        "ProductFormDetail": "B111",
        "Collection": {
          "CollectionType": "10",
          "TitleDetail": {
            "TitleType": "01",
            "TitleElement": [
              {
                "TitleElementLevel": "02",
                "TitleText": {
                  "collationkey": "イワナミブンコ",
                  "content": "岩波文庫　赤38-2"
                }
              }
            ]
          }
        },
        "TitleDetail": {
          "TitleType": "01",
          "TitleElement": {
            "TitleElementLevel": "01",
            "TitleText": {
              "collationkey": "トウソウデンキシュウ02",
              "content": "唐宋伝奇集　下"
            },
            "Subtitle": {
              "collationkey": "",
              "content": "杜子春　他三十九篇"
            }
          }
        },
        "Contributor": [
          {
            "SequenceNumber": "1",
            "ContributorRole": [
              "B06"
            ],
            "PersonName": {
              "collationkey": "イマムラ　ヨシオ",
              "content": "今村　与志雄"
            }
          }
        ],
        "Language": [
          {
            "LanguageRole": "01",
            "LanguageCode": "jpn"
          }
        ],
        "Extent": [
          {
            "ExtentType": "11",
            "ExtentValue": "368",
            "ExtentUnit": "03"
          }
        ],
        "Audience": [
          {
            "AudienceCodeType": "22",
            "AudienceCodeValue": "00"
          }
        ]
      },
      "CollateralDetail": {
        "TextContent": [
          {
            "TextType": "04",
            "ContentAudience": "00",
            "Text": "収録作品\n杜子春(牛僧孺)\n杵，燭台，水桶，そして釜——元無有(牛僧孺)\nみかんの中の楽しさ——巴邛人(牛僧孺)\n冥界からもどった女——斉饒州(牛僧孺)\n同宿の客——辛公平上仙(李復言)\n魚服記——薛偉(李復言)\n赤い縄と月下の老人——定婚店(李復言)\n則天武后の宝物——蘇無名(牛粛)\n竜女の詩会——許漢陽(谷神子)\n飛天夜叉——薛淙(谷神子)\n白蛇の怪——李黄(谷神子)\n碁をうつ嫁と姑——王積薪(薛用弱)\n玻璃の瓶子——胡媚児(薛漁思)\n女将とろば——板橋三娘子(薛漁思)\n山の奥の実家——申屠澄(薛漁思)\n蒼い鶴——戸部令史妻(戴孚)\n巨獣——安南猟者(戴孚)\n鄭四娘の話——李(戴孚)\n嘉興の綱渡り——嘉興縄技(皇甫氏)\n都の儒士——京都儒士(皇甫氏)\n腕だめし——僧侠(段成式)\n旁とその弟——新羅(段成式)\n葉限——中国のシンデレラ(段成式)\n形見の衣——陳義郎(温庭筠)\n再会——楊素(孟棨)\n崔護と若い娘——崔護(孟棨)\n麺をとかす虫——消麺虫(張読)\n李徴が虎に変身した話——李徴(張読)\n崑崙人の奴隷——崑崙奴(裴鉶)\n空を飛ぶ侠女——聶隠娘(裴鉶)\n女道士魚玄機——緑翹(皇甫枚)\n犬に吠えられた刺客——李亀寿(皇甫枚)\n詩人の男伊達——張祜(馮翊子)\n奇譚二則——画工・番禺書生(逸名)\nつばめの国の冒険——王榭(逸名)\n真珠——狄氏(廉布)\n日銭貸しの娘——大桶張氏(廉布)\n居酒屋の女——呉小員外(洪邁)\n壁に書かれた字——太原意娘(洪邁)\n怪盗我来也——我来也(沈俶)"
          }
        ]
      },
      "PublishingDetail": {
        "Imprint": {
          "ImprintIdentifier": [
            {
              "ImprintIDType": "19",
              "IDValue": "00"
            },
            {
              "ImprintIDType": "24",
              "IDValue": "0365"
            }
          ],
          "ImprintName": "岩波書店"
        },
        "PublishingDate": [
          {
            "PublishingDateRole": "01",
            "Date": "19880916"
          },
          {
            "PublishingDateRole": "11",
            "Date": "198809"
          }
        ]
      },
      "ProductSupply": {
        "SupplyDetail": {
          "ProductAvailability": "99",
          "Price": [
            {
              "PriceType": "03",
              "PriceAmount": "970",
              "CurrencyCode": "JPY"
            }
          ]
        }
      }
    },
    "hanmoto": {
      "datecreated": "2016-04-23 12:37:51",
      "dateshuppan": "1988-09",
      "datemodified": "2016-04-23 12:37:51"
    },
    "summary": {
      "isbn": "9784003203828",
      "title": "唐宋伝奇集　下 杜子春　他三十九篇",
      "volume": "",
      "series": "",
      "publisher": "岩波書店",
      "pubdate": "19880916",
      "cover": "",
      "author": "今村与志雄／翻訳"
    }
  }
]