[
  {
    "onix": {
      "RecordReference": "9784003209011",
      "NotificationType": "03",
      "ProductIdentifier": {
        "ProductIDType": "15",
        "IDValue": "9784003209011"
      },
      "DescriptiveDetail": {
        "ProductComposition": "00",
        "ProductForm": "BZ",
        "Measure": [
          {
            "MeasureType": "01",
            "Measurement": "150",
            "MeasureUnitCode": "mm"
          },
          {
            "MeasureType": "02",
            "Measurement": "0",
            "MeasureUnitCode": "mm"
          }
        ],
        "Collection": {
          "CollectionType": "10",
          "TitleDetail": {
            "TitleType": "01",
            "TitleElement": [
              {
                "TitleElementLevel": "02",
                "TitleText": {
                  "content": "岩波文庫"
                }
              }
            ]
          }
        },
        "TitleDetail": {
          "TitleType": "01",
          "TitleElement": {
            "TitleElementLevel": "01",
            "TitleText": {
              "collationkey": "サキャ カクゲンシュウ",
              "content": "サキャ格言集"
            }
          }
        },
        "Contributor": [
          {
            "SequenceNumber": "1",
            "ContributorRole": [
              "A01"
            ],
            "PersonName": {
              "content": "Sa-skya Pandi-ta Kun-dga-rgyal-mtshan"
            }
          },
          {
            "SequenceNumber": "2",
            "ContributorRole": [
              "A01"
            ],
            "PersonName": {
              "content": "Sa-skya Paṇḍi-ta Kun-dgaʾ-rgyal-mtshan"
            }
          },
          {
            "SequenceNumber": "3",
            "ContributorRole": [
              "B06"
            ],
            "PersonName": {
              "content": "今枝 由郎"
            }
          },
          {
            "SequenceNumber": "4",
            "ContributorRole": [
              "A01"
            ],
            "PersonName": {
              "content": "サキャパンディタ"
            }
          }
        ],
        "Language": [
          {
            "LanguageRole": "01",
            "LanguageCode": "jpn",
            "CountryCode": "JP"
          }
        ],
        "Extent": [
          {
            "ExtentType": "11",
            "ExtentValue": "210",
            "ExtentUnit": "03"
          }
        ]
      },
      "CollateralDetail": {
        "TextContent": [
          {
            "TextType": "03",
            "ContentAudience": "00",
            "Text": "著者サキャ・パンディタ(1182‐1251)は13世紀チベットの人。論理学・文法学・韻律学から医学・占星術にいたるまで、百を越える著作があると伝えられる学者であり、強大なモンゴル帝国との折衝に、チベットを代表してあたった熟練の政治家である。その卓越した学識と経験が生んだ、現在も人々に愛誦される辛口の格言457句。"
          },
          {
            "TextType": "04",
            "ContentAudience": "00",
            "Text": "1章 賢者についての考察\n2章 貴人についての考察\n3章 愚者についての考察\n4章 賢愚混交についての考察\n5章 悪行についての考察\n6章 本性についての考察\n7章 不相応についての考察\n8章 行為についての考察\n9章 教法についての考察"
          }
        ],
        "SupportingResource": [
          {
            "ResourceContentType": "01",
            "ContentAudience": "01",
            "ResourceMode": "03",
            "ResourceVersion": [
              {
                "ResourceForm": "02",
                "ResourceVersionFeature": [
                  {
                    "ResourceVersionFeatureType": "01",
                    "FeatureValue": "D502"
                  },
                  {
                    "ResourceVersionFeatureType": "04",
                    "FeatureValue": "9784003209011.jpg"
                  }
                ],
                "ResourceLink": "https://cover.openbd.jp/9784003209011.jpg"
              }
            ]
          }
        ]
      },
      "PublishingDetail": {
        "Imprint": {
          "ImprintIdentifier": [
            {
              "ImprintIDType": "19"
            }
          ],
          "ImprintName": "岩波書店"
        },
        "PublishingDate": [
          {
            "PublishingDateRole": "01",
            "Date": ""
          }
        ]
      },
      "ProductSupply": {
        "SupplyDetail": {
          "ReturnsConditions": {
            "ReturnsCodeType": "04",
            "ReturnsCode": "02"
          },
          "ProductAvailability": "99"
        }
      }
    },
    "hanmoto": {
      "datecreated": "2017-03-30 19:35:10",
      "dateshuppan": "2002-08",
      "datemodified": "2017-03-30 19:35:10"
    },
    "summary": {
      "isbn": "9784003209011",
      "title": "サキャ格言集",
      "volume": "",
      "series": "",
      "publisher": "岩波書店",
      "pubdate": "2002-08",
      "cover": "https://cover.openbd.jp/9784003209011.jpg",
      "author": "Sa-skyaPandi-taKun-dga-rgyal-mtshan／著 Sa-skyaPaṇḍi-taKun-dgaʾ-rgyal-mtshan／著 ほか"
    }
  }
]