[
  {
    "onix": {
      "RecordReference": "9784003206010",
      "NotificationType": "03",
      "ProductIdentifier": {
        "ProductIDType": "15",
        "IDValue": "9784003206010"
      },
      "DescriptiveDetail": {
        "ProductComposition": "00",
        "ProductForm": "BZ",
        "Measure": [
          {
            "MeasureType": "01",
            "Measurement": "150",
            "MeasureUnitCode": "mm"
          },
          {
            "MeasureType": "02",
            "Measurement": "0",
            "MeasureUnitCode": "mm"
          }
        ],
        "Collection": {
          "CollectionType": "10",
          "TitleDetail": {
            "TitleType": "01",
            "TitleElement": [
              {
                "TitleElementLevel": "02",
                "TitleText": {
                  "content": "岩波文庫"
                }
              }
            ]
          }
        },
        "TitleDetail": {
          "TitleType": "01",
          "TitleElement": {
            "TitleElementLevel": "01",
            "TitleText": {
              "collationkey": "リグ ヴェーダ サンカ",
              "content": "リグ・ヴェーダ讃歌"
            }
          }
        },
        "Contributor": [
          {
            "SequenceNumber": "1",
            "ContributorRole": [
              "B06"
            ],
            "PersonName": {
              "content": "辻 直四郎"
            }
          }
        ],
        "Language": [
          {
            "LanguageRole": "01",
            "LanguageCode": "jpn",
            "CountryCode": "JP"
          }
        ],
        "Extent": [
          {
            "ExtentType": "11",
            "ExtentValue": "339, 7",
            "ExtentUnit": "03"
          }
        ]
      },
      "CollateralDetail": {
        "TextContent": [
          {
            "TextType": "03",
            "ContentAudience": "00",
            "Text": "インド最古の宗教文献であるヴェーダのうち、紀元前13世紀を中心として永い間に成ったリグ・ヴェーダはとりわけ古く、かつ重要な位置にある。それは財産・戦勝・長寿・幸運を乞うて神々の恩恵と加護を祈った讃歌の集録であって、アーリア人がのこしたこの偉大な文化遺産は、インドの思想・文化の根元的理解に欠かすことができない。"
          },
          {
            "TextType": "04",
            "ContentAudience": "00",
            "Text": "ウシャス(暁紅の女神)の歌\nラートリー(夜の女神)の歌\nスーリア(太陽神)の歌\nサヴィトリの歌\nプーシャンの歌\nヴィシュヌの歌\nパルジャニア(雨神)の歌\nヴァーユまたはヴァータ(風神)の歌\nヴァーユの歌\nヴァータの歌〔ほか〕"
          }
        ],
        "SupportingResource": [
          {
            "ResourceContentType": "01",
            "ContentAudience": "01",
            "ResourceMode": "03",
            "ResourceVersion": [
              {
                "ResourceForm": "02",
                "ResourceVersionFeature": [
                  {
                    "ResourceVersionFeatureType": "01",
                    "FeatureValue": "D502"
                  },
                  {
                    "ResourceVersionFeatureType": "04",
                    "FeatureValue": "9784003206010.jpg"
                  }
                ],
                "ResourceLink": "https://cover.openbd.jp/9784003206010.jpg"
              }
            ]
          }
        ]
      },
      "PublishingDetail": {
        "Imprint": {
          "ImprintIdentifier": [
            {
              "ImprintIDType": "19"
            }
          ],
          "ImprintName": "岩波書店"
        },
        "PublishingDate": [
          {
            "PublishingDateRole": "01",
            "Date": ""
          }
        ]
      },
      "ProductSupply": {
        "SupplyDetail": {
          "ReturnsConditions": {
            "ReturnsCodeType": "04",
            "ReturnsCode": "02"
          },
          "ProductAvailability": "99"
        }
      }
    },
    "hanmoto": {
      "datecreated": "2016-03-13 14:40:49",
      "dateshuppan": "1970-01",
      "datemodified": "2016-03-13 14:40:49"
    },
    "summary": {
      "isbn": "9784003206010",
      "title": "リグ・ヴェーダ讃歌",
      "volume": "",
      "series": "",
      "publisher": "岩波書店",
      "pubdate": "1970-01",
      "cover": "https://cover.openbd.jp/9784003206010.jpg",
      "author": "辻直四郎／翻訳"
    }
  }
]