[
  {
    "onix": {
      "RecordReference": "9784003201718",
      "NotificationType": "03",
      "ProductIdentifier": {
        "ProductIDType": "15",
        "IDValue": "9784003201718"
      },
      "DescriptiveDetail": {
        "ProductComposition": "00",
        "ProductForm": "BZ",
        "Measure": [
          {
            "MeasureType": "01",
            "Measurement": "150",
            "MeasureUnitCode": "mm"
          },
          {
            "MeasureType": "02",
            "Measurement": "0",
            "MeasureUnitCode": "mm"
          }
        ],
        "Collection": {
          "CollectionType": "10",
          "TitleDetail": {
            "TitleType": "01",
            "TitleElement": [
              {
                "TitleElementLevel": "02",
                "TitleText": {
                  "content": "岩波文庫"
                }
              }
            ]
          }
        },
        "TitleDetail": {
          "TitleType": "01",
          "TitleElement": {
            "TitleElementLevel": "01",
            "TitleText": {
              "collationkey": "スイコデン",
              "content": "水滸伝 第10冊"
            }
          }
        },
        "Contributor": [
          {
            "SequenceNumber": "1",
            "ContributorRole": [
              "B06"
            ],
            "PersonName": {
              "content": "吉川 幸次郎"
            }
          },
          {
            "SequenceNumber": "2",
            "ContributorRole": [
              "A01"
            ],
            "PersonName": {
              "content": "清水 茂"
            }
          }
        ],
        "Language": [
          {
            "LanguageRole": "01",
            "LanguageCode": "jpn",
            "CountryCode": "JP"
          }
        ],
        "Extent": [
          {
            "ExtentType": "11",
            "ExtentValue": "252",
            "ExtentUnit": "03"
          }
        ]
      },
      "CollateralDetail": {
        "TextContent": [
          {
            "TextType": "04",
            "ContentAudience": "00",
            "Text": "忠義水滸伝 第十冊 \n目録 \n巻の六十七 宋江 馬歩三軍を賞し 関勝 水火二将を降す / 7\n巻の六十八 宋公明 曾頭市を夜打ちし 盧俊義 史文恭を活捉にす / 39\n巻の六十九 東平府に誤って九紋竜は陥れ 宋公明 義もて双鎗将を釈す / 67\n巻の七十 没羽箭 石を飛ばして英雄を打ち 宋公明 粮を棄てて壮士を擒にす / 91\n巻の七十一 忠義堂に石碣 天の文を受け 梁山泊に英雄 座の次を排む / 115\n巻の七十二 柴進 花を簪として禁院に入り 李逵 元夜東京を鬧がす / 143\n巻の七十三 黒旋風は喬って鬼を捉え 梁山泊に双つながら頭を献ぐ / 175\n巻の七十四 燕青 智もて擎天柱を撲し 李逵 寿張にて喬って衙に坐る / 205\n人物表 / 233\n第十冊あとがき / 243"
          }
        ]
      },
      "PublishingDetail": {
        "Imprint": {
          "ImprintIdentifier": [
            {
              "ImprintIDType": "19"
            }
          ],
          "ImprintName": "岩波書店"
        },
        "PublishingDate": [
          {
            "PublishingDateRole": "01",
            "Date": ""
          }
        ]
      },
      "ProductSupply": {
        "SupplyDetail": {
          "ReturnsConditions": {
            "ReturnsCodeType": "04",
            "ReturnsCode": "02"
          },
          "ProductAvailability": "99"
        }
      }
    },
    "hanmoto": {
      "datecreated": "2016-05-22 01:03:30",
      "dateshuppan": "1978-06",
      "datemodified": "2016-05-22 01:03:30"
    },
    "summary": {
      "isbn": "9784003201718",
      "title": "水滸伝 第10冊",
      "volume": "",
      "series": "",
      "publisher": "岩波書店",
      "pubdate": "1978-06",
      "cover": "",
      "author": "吉川幸次郎／翻訳 清水茂／著"
    }
  }
]