[
  {
    "onix": {
      "RecordReference": "9784003207314",
      "NotificationType": "03",
      "ProductIdentifier": {
        "ProductIDType": "15",
        "IDValue": "9784003207314"
      },
      "DescriptiveDetail": {
        "ProductComposition": "00",
        "ProductForm": "BZ",
        "Measure": [
          {
            "MeasureType": "01",
            "Measurement": "150",
            "MeasureUnitCode": "mm"
          },
          {
            "MeasureType": "02",
            "Measurement": "0",
            "MeasureUnitCode": "mm"
          }
        ],
        "Collection": {
          "CollectionType": "10",
          "TitleDetail": {
            "TitleType": "01",
            "TitleElement": [
              {
                "TitleElementLevel": "02",
                "TitleText": {
                  "content": "岩波文庫"
                }
              }
            ]
          }
        },
        "TitleDetail": {
          "TitleType": "01",
          "TitleElement": {
            "TitleElementLevel": "01",
            "TitleText": {
              "collationkey": "シュンコウデン",
              "content": "春香伝"
            }
          }
        },
        "Contributor": [
          {
            "SequenceNumber": "1",
            "ContributorRole": [
              "B06"
            ],
            "PersonName": {
              "content": "許 南麒"
            }
          }
        ],
        "Language": [
          {
            "LanguageRole": "01",
            "LanguageCode": "jpn",
            "CountryCode": "JP"
          }
        ],
        "Extent": [
          {
            "ExtentType": "11",
            "ExtentValue": "190 図版",
            "ExtentUnit": "03"
          }
        ]
      },
      "CollateralDetail": {
        "TextContent": [
          {
            "TextType": "04",
            "ContentAudience": "00",
            "Text": "目次 \n上卷 / 5\n下卷 / 65\n註 / 125\n地圖 / 151\n春香傳の現代的解釋(金台俊) / 153\n解說(許南麒) / 177"
          }
        ]
      },
      "PublishingDetail": {
        "Imprint": {
          "ImprintIdentifier": [
            {
              "ImprintIDType": "19"
            }
          ],
          "ImprintName": "岩波書店"
        },
        "PublishingDate": [
          {
            "PublishingDateRole": "01",
            "Date": ""
          }
        ]
      },
      "ProductSupply": {
        "SupplyDetail": {
          "ReturnsConditions": {
            "ReturnsCodeType": "04",
            "ReturnsCode": "02"
          },
          "ProductAvailability": "99"
        }
      }
    },
    "hanmoto": {
      "datecreated": "2016-04-08 02:01:44",
      "dateshuppan": "1956-01",
      "datemodified": "2016-04-08 02:01:44"
    },
    "summary": {
      "isbn": "9784003207314",
      "title": "春香伝",
      "volume": "",
      "series": "",
      "publisher": "岩波書店",
      "pubdate": "1956-01",
      "cover": "",
      "author": "許南麒／翻訳"
    }
  }
]