[
  {
    "onix": {
      "RecordReference": "9784003208014",
      "NotificationType": "03",
      "ProductIdentifier": {
        "ProductIDType": "15",
        "IDValue": "9784003208014"
      },
      "DescriptiveDetail": {
        "ProductComposition": "00",
        "ProductForm": "BA",
        "ProductFormDetail": "B111",
        "Measure": [
          {
            "MeasureType": "03",
            "Measurement": "8",
            "MeasureUnitCode": "mm"
          },
          {
            "MeasureType": "08",
            "Measurement": "106",
            "MeasureUnitCode": "gr"
          }
        ],
        "Collection": {
          "CollectionType": "10",
          "TitleDetail": {
            "TitleType": "01",
            "TitleElement": [
              {
                "TitleElementLevel": "02",
                "TitleText": {
                  "collationkey": "イワナミブンコ",
                  "content": "岩波文庫　赤80-1"
                }
              }
            ]
          }
        },
        "TitleDetail": {
          "TitleType": "01",
          "TitleElement": {
            "TitleElementLevel": "01",
            "TitleText": {
              "collationkey": "アイヌシンヨウシュウ",
              "content": "アイヌ神謡集"
            }
          }
        },
        "Contributor": [
          {
            "SequenceNumber": "1",
            "ContributorRole": [
              "A01"
            ],
            "PersonName": {
              "collationkey": "チリ　ユキエ",
              "content": "知里　幸恵"
            }
          }
        ],
        "Language": [
          {
            "LanguageRole": "01",
            "LanguageCode": "jpn"
          }
        ],
        "Extent": [
          {
            "ExtentType": "11",
            "ExtentValue": "200",
            "ExtentUnit": "03"
          }
        ],
        "Audience": [
          {
            "AudienceCodeType": "22",
            "AudienceCodeValue": "00"
          }
        ]
      },
      "PublishingDetail": {
        "Imprint": {
          "ImprintIdentifier": [
            {
              "ImprintIDType": "19",
              "IDValue": "00"
            },
            {
              "ImprintIDType": "24",
              "IDValue": "0365"
            }
          ],
          "ImprintName": "岩波書店"
        },
        "PublishingDate": [
          {
            "PublishingDateRole": "01",
            "Date": "19780816"
          },
          {
            "PublishingDateRole": "11",
            "Date": "197808"
          }
        ]
      },
      "ProductSupply": {
        "SupplyDetail": {
          "ProductAvailability": "99",
          "Price": [
            {
              "PriceType": "03",
              "PriceAmount": "580",
              "CurrencyCode": "JPY"
            }
          ]
        }
      },
      "CollateralDetail": {}
    },
    "hanmoto": {
      "datecreated": "2015-08-20 04:30:19",
      "reviews": [
        {
          "post_user": "genkina",
          "reviewer": "三浦佑之（古代文学研究者、立正大教授）",
          "source_id": 20,
          "kubun_id": 1,
          "source": "読売新聞",
          "choyukan": "",
          "han": "",
          "link": "",
          "appearance": "2011-08-07",
          "gou": ""
        }
      ],
      "dateshuppan": "1978-08",
      "datemodified": "2015-08-20 04:30:19"
    },
    "summary": {
      "isbn": "9784003208014",
      "title": "アイヌ神謡集",
      "volume": "",
      "series": "",
      "publisher": "岩波書店",
      "pubdate": "19780816",
      "cover": "",
      "author": "知里幸恵／著"
    }
  }
]