[
  {
    "onix": {
      "RecordReference": "9784003204313",
      "NotificationType": "03",
      "ProductIdentifier": {
        "ProductIDType": "15",
        "IDValue": "9784003204313"
      },
      "DescriptiveDetail": {
        "ProductComposition": "00",
        "ProductForm": "BZ",
        "Measure": [
          {
            "MeasureType": "01",
            "Measurement": "150",
            "MeasureUnitCode": "mm"
          },
          {
            "MeasureType": "02",
            "Measurement": "0",
            "MeasureUnitCode": "mm"
          }
        ],
        "Collection": {
          "CollectionType": "10",
          "TitleDetail": {
            "TitleType": "01",
            "TitleElement": [
              {
                "TitleElementLevel": "02",
                "TitleText": {
                  "content": "岩波文庫"
                }
              }
            ]
          }
        },
        "TitleDetail": {
          "TitleType": "01",
          "TitleElement": {
            "TitleElementLevel": "01",
            "TitleText": {
              "collationkey": "リュウ ソウゲン シセン",
              "content": "柳宗元詩選"
            }
          }
        },
        "Contributor": [
          {
            "SequenceNumber": "1",
            "ContributorRole": [
              "B06"
            ],
            "PersonName": {
              "content": "下定 雅弘"
            }
          },
          {
            "SequenceNumber": "2",
            "ContributorRole": [
              "A01"
            ],
            "PersonName": {
              "content": "柳 宗元"
            }
          }
        ],
        "Language": [
          {
            "LanguageRole": "01",
            "LanguageCode": "jpn",
            "CountryCode": "JP"
          }
        ],
        "Extent": [
          {
            "ExtentType": "11",
            "ExtentValue": "338",
            "ExtentUnit": "03"
          }
        ]
      },
      "CollateralDetail": {
        "TextContent": [
          {
            "TextType": "03",
            "ContentAudience": "00",
            "Text": "中唐の詩人柳宗元は、政治改革を主導した廉で南方の僻遠の地に左遷される。蹉跌に懊悩する心を鎮めてくれたのは、貶謫の地の自然だった。山水に心を癒し、花木の美に己れの矜持を重ねる。稀有な詩人は窮境を乗り越え、遂に人間の真実に至る。魂の遍歴を綴る詩篇。"
          },
          {
            "TextType": "04",
            "ContentAudience": "00",
            "Text": "第1章 永州の詩(山水の詩\n花木の詩\n望郷の詩\n詠史の詩\n友を思う詩\n陶淵明への敬慕\nその他)\n第2章 北還の詩\n第3章 南逐の詩\n第4章 柳州の詩"
          }
        ],
        "SupportingResource": [
          {
            "ResourceContentType": "01",
            "ContentAudience": "01",
            "ResourceMode": "03",
            "ResourceVersion": [
              {
                "ResourceForm": "02",
                "ResourceVersionFeature": [
                  {
                    "ResourceVersionFeatureType": "01",
                    "FeatureValue": "D502"
                  },
                  {
                    "ResourceVersionFeatureType": "04",
                    "FeatureValue": "9784003204313.jpg"
                  }
                ],
                "ResourceLink": "https://cover.openbd.jp/9784003204313.jpg"
              }
            ]
          }
        ]
      },
      "PublishingDetail": {
        "Imprint": {
          "ImprintIdentifier": [
            {
              "ImprintIDType": "19",
              "IDValue": "00"
            }
          ],
          "ImprintName": "岩波書店"
        },
        "PublishingDate": [
          {
            "PublishingDateRole": "01",
            "Date": ""
          }
        ]
      },
      "ProductSupply": {
        "SupplyDetail": {
          "ReturnsConditions": {
            "ReturnsCodeType": "04",
            "ReturnsCode": "02"
          },
          "ProductAvailability": "99"
        }
      }
    },
    "hanmoto": {
      "datecreated": "2015-12-25 16:33:08",
      "dateshuppan": "2011-05",
      "datemodified": "2015-12-25 16:33:08"
    },
    "summary": {
      "isbn": "9784003204313",
      "title": "柳宗元詩選",
      "volume": "",
      "series": "",
      "publisher": "岩波書店",
      "pubdate": "2011-05",
      "cover": "https://cover.openbd.jp/9784003204313.jpg",
      "author": "下定雅弘／翻訳 柳宗元／著"
    }
  }
]