[
  {
    "onix": {
      "RecordReference": "9784003202081",
      "NotificationType": "03",
      "ProductIdentifier": {
        "ProductIDType": "15",
        "IDValue": "9784003202081"
      },
      "DescriptiveDetail": {
        "ProductComposition": "00",
        "ProductForm": "BA",
        "ProductFormDetail": "B111",
        "Collection": {
          "CollectionType": "10",
          "TitleDetail": {
            "TitleType": "01",
            "TitleElement": [
              {
                "TitleElementLevel": "02",
                "TitleText": {
                  "collationkey": "イワナミブンコ",
                  "content": "岩波文庫"
                }
              }
            ]
          }
        },
        "TitleDetail": {
          "TitleType": "01",
          "TitleElement": {
            "TitleElementLevel": "01",
            "TitleText": {
              "collationkey": "サイユウキ",
              "content": "西遊記　8"
            },
            "Subtitle": {
              "collationkey": "",
              "content": "全十冊"
            }
          }
        },
        "Contributor": [
          {
            "SequenceNumber": "1",
            "ContributorRole": [
              "B06"
            ],
            "PersonName": {
              "collationkey": "ナカノ　ミヨコ",
              "content": "中野　美代子"
            }
          }
        ],
        "Language": [
          {
            "LanguageRole": "01",
            "LanguageCode": "jpn"
          }
        ],
        "Extent": [
          {
            "ExtentType": "11",
            "ExtentValue": "484",
            "ExtentUnit": "03"
          }
        ],
        "Subject": [
          {
            "SubjectSchemeIdentifier": "78",
            "SubjectCode": "0197"
          },
          {
            "SubjectSchemeIdentifier": "79",
            "SubjectCode": "31"
          }
        ],
        "Audience": [
          {
            "AudienceCodeType": "22",
            "AudienceCodeValue": "00"
          }
        ]
      },
      "CollateralDetail": {
        "TextContent": [
          {
            "TextType": "03",
            "ContentAudience": "00",
            "Text": "火焔山の炎を収め，祭賽国を乱す妖怪を捕えた一行の行く手を次に遮るは荊棘嶺．弟子どもはいばらの道をかきわけ，夜を日に継いで師匠を導く．またも日が暮れる頃，馬を降りた三蔵を一陣の妖風がさらう．改版．全10冊．"
          }
        ],
        "SupportingResource": [
          {
            "ResourceContentType": "01",
            "ContentAudience": "01",
            "ResourceMode": "03",
            "ResourceVersion": [
              {
                "ResourceForm": "02",
                "ResourceVersionFeature": [
                  {
                    "ResourceVersionFeatureType": "01",
                    "FeatureValue": "D502"
                  },
                  {
                    "ResourceVersionFeatureType": "04",
                    "FeatureValue": "9784003202081.jpg"
                  }
                ],
                "ResourceLink": "https://cover.openbd.jp/9784003202081.jpg"
              }
            ]
          }
        ]
      },
      "PublishingDetail": {
        "Imprint": {
          "ImprintIdentifier": [
            {
              "ImprintIDType": "19",
              "IDValue": "00"
            },
            {
              "ImprintIDType": "24",
              "IDValue": "0365"
            }
          ],
          "ImprintName": "岩波書店"
        },
        "PublishingDate": [
          {
            "PublishingDateRole": "01",
            "Date": "20050518"
          }
        ]
      },
      "ProductSupply": {
        "MarketPublishingDetail": {
          "MarketPublishingStatus": "00"
        },
        "SupplyDetail": {
          "ProductAvailability": "99",
          "Price": [
            {
              "PriceType": "03",
              "PriceAmount": "1000",
              "CurrencyCode": "JPY"
            }
          ]
        }
      }
    },
    "hanmoto": {
      "datecreated": "2019-09-23 10:14:34",
      "datekoukai": "2019-09-23",
      "datemodified": "2019-09-23 10:14:34"
    },
    "summary": {
      "isbn": "9784003202081",
      "title": "西遊記　8 全十冊",
      "volume": "",
      "series": "",
      "publisher": "岩波書店",
      "pubdate": "20050518",
      "cover": "https://cover.openbd.jp/9784003202081.jpg",
      "author": "中野美代子／翻訳"
    }
  }
]