[
  {
    "onix": {
      "RecordReference": "9784003202319",
      "NotificationType": "03",
      "ProductIdentifier": {
        "ProductIDType": "15",
        "IDValue": "9784003202319"
      },
      "DescriptiveDetail": {
        "ProductComposition": "00",
        "ProductForm": "BA",
        "ProductFormDetail": "B111",
        "Measure": [
          {
            "MeasureType": "03",
            "Measurement": "16",
            "MeasureUnitCode": "mm"
          },
          {
            "MeasureType": "08",
            "Measurement": "204",
            "MeasureUnitCode": "gr"
          }
        ],
        "Collection": {
          "CollectionType": "10",
          "TitleDetail": {
            "TitleType": "01",
            "TitleElement": [
              {
                "TitleElementLevel": "02",
                "TitleText": {
                  "collationkey": "イワナミブンコ",
                  "content": "岩波文庫　赤23-1"
                }
              }
            ]
          }
        },
        "TitleDetail": {
          "TitleType": "01",
          "TitleElement": {
            "TitleElementLevel": "01",
            "TitleText": {
              "collationkey": "サイコンタン",
              "content": "菜根譚"
            }
          }
        },
        "Contributor": [
          {
            "SequenceNumber": "1",
            "ContributorRole": [
              "A21"
            ],
            "PersonName": {
              "collationkey": "イマイ　ウサブロウ",
              "content": "今井　宇三郎"
            }
          }
        ],
        "Language": [
          {
            "LanguageRole": "01",
            "LanguageCode": "jpn"
          }
        ],
        "Extent": [
          {
            "ExtentType": "11",
            "ExtentValue": "390",
            "ExtentUnit": "03"
          }
        ],
        "Audience": [
          {
            "AudienceCodeType": "22",
            "AudienceCodeValue": "00"
          }
        ]
      },
      "PublishingDetail": {
        "Imprint": {
          "ImprintIdentifier": [
            {
              "ImprintIDType": "19",
              "IDValue": "00"
            },
            {
              "ImprintIDType": "24",
              "IDValue": "0365"
            }
          ],
          "ImprintName": "岩波書店"
        },
        "PublishingDate": [
          {
            "PublishingDateRole": "01",
            "Date": "19750116"
          },
          {
            "PublishingDateRole": "11",
            "Date": "197501"
          }
        ]
      },
      "ProductSupply": {
        "SupplyDetail": {
          "ProductAvailability": "99",
          "Price": [
            {
              "PriceType": "03",
              "PriceAmount": "900",
              "CurrencyCode": "JPY"
            }
          ]
        }
      },
      "CollateralDetail": {}
    },
    "hanmoto": {
      "datecreated": "2015-10-20 18:30:43",
      "reviews": [
        {
          "post_user": "genkina",
          "reviewer": "坂井修一（歌人、東京大学教授）",
          "source_id": 19,
          "kubun_id": 1,
          "source": "東京新聞／中日新聞",
          "choyukan": "朝刊",
          "han": "",
          "link": "",
          "appearance": "2016-11-27",
          "gou": ""
        }
      ],
      "dateshuppan": "1975-01",
      "datemodified": "2015-10-20 18:30:43"
    },
    "summary": {
      "isbn": "9784003202319",
      "title": "菜根譚",
      "volume": "",
      "series": "",
      "publisher": "岩波書店",
      "pubdate": "19750116",
      "cover": "",
      "author": "今井宇三郎／解説"
    }
  }
]