[
  {
    "onix": {
      "RecordReference": "9784003203118",
      "NotificationType": "03",
      "ProductIdentifier": {
        "ProductIDType": "15",
        "IDValue": "9784003203118"
      },
      "DescriptiveDetail": {
        "ProductComposition": "00",
        "ProductForm": "BZ",
        "Measure": [
          {
            "MeasureType": "01",
            "Measurement": "150",
            "MeasureUnitCode": "mm"
          },
          {
            "MeasureType": "02",
            "Measurement": "0",
            "MeasureUnitCode": "mm"
          }
        ],
        "Collection": {
          "CollectionType": "10",
          "TitleDetail": {
            "TitleType": "01",
            "TitleElement": [
              {
                "TitleElementLevel": "02",
                "TitleText": {
                  "content": "岩波文庫"
                }
              }
            ]
          }
        },
        "TitleDetail": {
          "TitleType": "01",
          "TitleElement": {
            "TitleElementLevel": "01",
            "TitleText": {
              "collationkey": "ラクダ ショウシ",
              "content": "駱駝祥子"
            },
            "Subtitle": {
              "content": "らくだのシアンツ"
            }
          }
        },
        "Contributor": [
          {
            "SequenceNumber": "1",
            "ContributorRole": [
              "B06"
            ],
            "PersonName": {
              "content": "立間 祥介"
            }
          },
          {
            "SequenceNumber": "2",
            "ContributorRole": [
              "A01"
            ],
            "PersonName": {
              "content": "老舍"
            }
          },
          {
            "SequenceNumber": "3",
            "ContributorRole": [
              "A01"
            ],
            "PersonName": {
              "content": "老舎"
            }
          }
        ],
        "Language": [
          {
            "LanguageRole": "01",
            "LanguageCode": "jpn",
            "CountryCode": "JP"
          }
        ],
        "Extent": [
          {
            "ExtentType": "11",
            "ExtentValue": "407",
            "ExtentUnit": "03"
          }
        ]
      },
      "PublishingDetail": {
        "Imprint": {
          "ImprintIdentifier": [
            {
              "ImprintIDType": "19"
            }
          ],
          "ImprintName": "岩波書店"
        },
        "PublishingDate": [
          {
            "PublishingDateRole": "01",
            "Date": ""
          }
        ]
      },
      "ProductSupply": {
        "SupplyDetail": {
          "ReturnsConditions": {
            "ReturnsCodeType": "04",
            "ReturnsCode": "02"
          },
          "ProductAvailability": "99"
        }
      },
      "CollateralDetail": {}
    },
    "hanmoto": {
      "datecreated": "2017-04-13 15:41:47",
      "dateshuppan": "1980-12",
      "datemodified": "2017-04-13 15:41:47"
    },
    "summary": {
      "isbn": "9784003203118",
      "title": "駱駝祥子 らくだのシアンツ",
      "volume": "",
      "series": "",
      "publisher": "岩波書店",
      "pubdate": "1980-12",
      "cover": "",
      "author": "立間祥介／翻訳 老舍／著 老舎／著"
    }
  }
]