[
  {
    "onix": {
      "RecordReference": "9784003204412",
      "NotificationType": "03",
      "ProductIdentifier": {
        "ProductIDType": "15",
        "IDValue": "9784003204412"
      },
      "DescriptiveDetail": {
        "ProductComposition": "00",
        "ProductForm": "BZ",
        "Measure": [
          {
            "MeasureType": "01",
            "Measurement": "15",
            "MeasureUnitCode": "mm"
          },
          {
            "MeasureType": "02",
            "Measurement": "0",
            "MeasureUnitCode": "mm"
          }
        ],
        "Collection": {
          "CollectionType": "10",
          "TitleDetail": {
            "TitleType": "01",
            "TitleElement": [
              {
                "TitleElementLevel": "02",
                "TitleText": {
                  "content": "岩波文庫"
                }
              }
            ]
          }
        },
        "TitleDetail": {
          "TitleType": "01",
          "TitleElement": {
            "TitleElementLevel": "01",
            "TitleText": {
              "collationkey": "ハク ラクテン シセン",
              "content": "白楽天詩選 上"
            }
          }
        },
        "Contributor": [
          {
            "SequenceNumber": "1",
            "ContributorRole": [
              "B06"
            ],
            "PersonName": {
              "content": "川合 康三"
            }
          },
          {
            "SequenceNumber": "2",
            "ContributorRole": [
              "A01"
            ],
            "PersonName": {
              "content": "白 居易"
            }
          }
        ],
        "Language": [
          {
            "LanguageRole": "01",
            "LanguageCode": "jpn",
            "CountryCode": "JP"
          }
        ],
        "Extent": [
          {
            "ExtentType": "11",
            "ExtentValue": "424",
            "ExtentUnit": "03"
          }
        ]
      },
      "CollateralDetail": {
        "TextContent": [
          {
            "TextType": "03",
            "ContentAudience": "00",
            "Text": "白居易、字は楽天。位は人臣を極め、唐代の詩壇を席巻し、古来日本で最も愛誦された大詩人(七七二‐八四六)。世の不正を憤る諷諭詩、日々の幸せを慈しむ閑適詩、玄宗と楊貴妃の愛の賛歌「長恨歌」、名高い「琵琶行」等々、清新多彩な作を生涯に沿い精選。上巻には六十九首を収録。"
          },
          {
            "TextType": "04",
            "ContentAudience": "00",
            "Text": "1 登第以前-大暦七年一歳‐貞元十六年二十九歳\n2 長安時期(一)-貞元十六年二十九歳‐元和十年四十四歳\n3 江州時期-元和十年四十四歳‐元和十四年四十八歳"
          }
        ],
        "SupportingResource": [
          {
            "ResourceContentType": "01",
            "ContentAudience": "01",
            "ResourceMode": "03",
            "ResourceVersion": [
              {
                "ResourceForm": "02",
                "ResourceVersionFeature": [
                  {
                    "ResourceVersionFeatureType": "01",
                    "FeatureValue": "D502"
                  },
                  {
                    "ResourceVersionFeatureType": "04",
                    "FeatureValue": "9784003204412.jpg"
                  }
                ],
                "ResourceLink": "https://cover.openbd.jp/9784003204412.jpg"
              }
            ]
          }
        ]
      },
      "PublishingDetail": {
        "Imprint": {
          "ImprintIdentifier": [
            {
              "ImprintIDType": "19",
              "IDValue": "00"
            }
          ],
          "ImprintName": "岩波書店"
        },
        "PublishingDate": [
          {
            "PublishingDateRole": "01",
            "Date": ""
          }
        ]
      },
      "ProductSupply": {
        "SupplyDetail": {
          "ReturnsConditions": {
            "ReturnsCodeType": "04",
            "ReturnsCode": "02"
          },
          "ProductAvailability": "99"
        }
      }
    },
    "hanmoto": {
      "datecreated": "2015-08-20 05:22:09",
      "reviews": [
        {
          "post_user": "genkina",
          "reviewer": "嵐山光三郎（作家）",
          "source_id": 20,
          "kubun_id": 1,
          "source": "読売新聞",
          "choyukan": "",
          "han": "",
          "link": "",
          "appearance": "2012-07-15",
          "gou": ""
        }
      ],
      "dateshuppan": "2011-07",
      "datemodified": "2015-08-20 05:22:09"
    },
    "summary": {
      "isbn": "9784003204412",
      "title": "白楽天詩選 上",
      "volume": "",
      "series": "",
      "publisher": "岩波書店",
      "pubdate": "2011-07",
      "cover": "https://cover.openbd.jp/9784003204412.jpg",
      "author": "川合康三／翻訳 白居易／著"
    }
  }
]