[
  {
    "onix": {
      "RecordReference": "9784003201695",
      "NotificationType": "03",
      "ProductIdentifier": {
        "ProductIDType": "15",
        "IDValue": "9784003201695"
      },
      "DescriptiveDetail": {
        "ProductComposition": "00",
        "ProductForm": "BZ",
        "Measure": [
          {
            "MeasureType": "01",
            "Measurement": "150",
            "MeasureUnitCode": "mm"
          },
          {
            "MeasureType": "02",
            "Measurement": "0",
            "MeasureUnitCode": "mm"
          }
        ],
        "Collection": {
          "CollectionType": "10",
          "TitleDetail": {
            "TitleType": "01",
            "TitleElement": [
              {
                "TitleElementLevel": "02",
                "TitleText": {
                  "content": "岩波文庫"
                }
              }
            ]
          }
        },
        "TitleDetail": {
          "TitleType": "01",
          "TitleElement": {
            "TitleElementLevel": "01",
            "TitleText": {
              "collationkey": "スイコデン : カンヤク",
              "content": "水滸伝 : 完訳 9"
            }
          }
        },
        "Contributor": [
          {
            "SequenceNumber": "1",
            "ContributorRole": [
              "B06"
            ],
            "PersonName": {
              "content": "吉川 幸次郎"
            }
          },
          {
            "SequenceNumber": "2",
            "ContributorRole": [
              "B06"
            ],
            "PersonName": {
              "content": "清水 茂"
            }
          }
        ],
        "Language": [
          {
            "LanguageRole": "01",
            "LanguageCode": "jpn",
            "CountryCode": "JP"
          }
        ],
        "Extent": [
          {
            "ExtentType": "11",
            "ExtentValue": "279",
            "ExtentUnit": "03"
          }
        ]
      },
      "CollateralDetail": {
        "TextContent": [
          {
            "TextType": "03",
            "ContentAudience": "00",
            "Text": "宋江らは梁山泊の城壁や建物をとり壊し、いよいよ、北方の大敵、遼国の征討へと出発する。最初の敵は檀州城。迎え撃つ敵将の先鋒は阿里奇、顔は白く唇赤く、鬚は黄色く眼は碧く、身の丈九尺で力は万人力…。宋朝の官軍となった梁山泊軍団の奮戦が始まる。"
          }
        ],
        "SupportingResource": [
          {
            "ResourceContentType": "01",
            "ContentAudience": "01",
            "ResourceMode": "03",
            "ResourceVersion": [
              {
                "ResourceForm": "02",
                "ResourceVersionFeature": [
                  {
                    "ResourceVersionFeatureType": "01",
                    "FeatureValue": "D502"
                  },
                  {
                    "ResourceVersionFeatureType": "04",
                    "FeatureValue": "9784003201695.jpg"
                  }
                ],
                "ResourceLink": "https://cover.openbd.jp/9784003201695.jpg"
              }
            ]
          }
        ]
      },
      "PublishingDetail": {
        "Imprint": {
          "ImprintIdentifier": [
            {
              "ImprintIDType": "19"
            }
          ],
          "ImprintName": "岩波書店"
        },
        "PublishingDate": [
          {
            "PublishingDateRole": "01",
            "Date": ""
          }
        ]
      },
      "ProductSupply": {
        "SupplyDetail": {
          "ReturnsConditions": {
            "ReturnsCodeType": "04",
            "ReturnsCode": "02"
          },
          "ProductAvailability": "99"
        }
      }
    },
    "hanmoto": {
      "datecreated": "2017-03-25 13:09:15",
      "dateshuppan": "1999-06",
      "datemodified": "2017-03-25 13:09:15"
    },
    "summary": {
      "isbn": "9784003201695",
      "title": "水滸伝 : 完訳 9",
      "volume": "",
      "series": "",
      "publisher": "岩波書店",
      "pubdate": "1999-06",
      "cover": "https://cover.openbd.jp/9784003201695.jpg",
      "author": "吉川幸次郎／翻訳 清水茂／翻訳"
    }
  }
]