[
  {
    "onix": {
      "RecordReference": "9784003200490",
      "NotificationType": "03",
      "ProductIdentifier": {
        "ProductIDType": "15",
        "IDValue": "9784003200490"
      },
      "DescriptiveDetail": {
        "ProductComposition": "00",
        "ProductForm": "BZ",
        "Measure": [
          {
            "MeasureType": "01",
            "Measurement": "150",
            "MeasureUnitCode": "mm"
          },
          {
            "MeasureType": "02",
            "Measurement": "0",
            "MeasureUnitCode": "mm"
          }
        ],
        "Collection": {
          "CollectionType": "10",
          "TitleDetail": {
            "TitleType": "01",
            "TitleElement": [
              {
                "TitleElementLevel": "02",
                "TitleText": {
                  "content": "岩波文庫"
                }
              }
            ]
          }
        },
        "TitleDetail": {
          "TitleType": "01",
          "TitleElement": {
            "TitleElementLevel": "01",
            "TitleText": {
              "collationkey": "ト ホ シセン",
              "content": "杜甫詩選"
            }
          }
        },
        "Contributor": [
          {
            "SequenceNumber": "1",
            "ContributorRole": [
              "A01"
            ],
            "PersonName": {
              "content": "杜 甫"
            }
          },
          {
            "SequenceNumber": "2",
            "ContributorRole": [
              "A01"
            ],
            "PersonName": {
              "content": "黒川 洋一"
            }
          }
        ],
        "Language": [
          {
            "LanguageRole": "01",
            "LanguageCode": "jpn",
            "CountryCode": "JP"
          }
        ],
        "Extent": [
          {
            "ExtentType": "11",
            "ExtentValue": "397",
            "ExtentUnit": "03"
          }
        ]
      },
      "CollateralDetail": {
        "TextContent": [
          {
            "TextType": "03",
            "ContentAudience": "00",
            "Text": "李白と並び称される「詩聖」杜甫は、中国詩の長い伝統の上に立って、中国詩の完成者となった中国最大の詩人である。生々しい社会的事象や歴史的事実を題材とし、様々の技巧を駆使して情感豊かにうたいあげた杜甫の詩は、中国文学最高の達成の一つといえよう。その生涯と詩風の変遷が読み取れるよう140首を年代順にならべた。"
          },
          {
            "TextType": "04",
            "ContentAudience": "00",
            "Text": "1 浪人生活の歌\n2 安史の乱時の歌\n3 成都流寓の歌\n4 南国漂泊の歌"
          }
        ],
        "SupportingResource": [
          {
            "ResourceContentType": "01",
            "ContentAudience": "01",
            "ResourceMode": "03",
            "ResourceVersion": [
              {
                "ResourceForm": "02",
                "ResourceVersionFeature": [
                  {
                    "ResourceVersionFeatureType": "01",
                    "FeatureValue": "D502"
                  },
                  {
                    "ResourceVersionFeatureType": "04",
                    "FeatureValue": "9784003200490.jpg"
                  }
                ],
                "ResourceLink": "https://cover.openbd.jp/9784003200490.jpg"
              }
            ]
          }
        ]
      },
      "PublishingDetail": {
        "Imprint": {
          "ImprintIdentifier": [
            {
              "ImprintIDType": "19"
            }
          ],
          "ImprintName": "岩波書店"
        },
        "PublishingDate": [
          {
            "PublishingDateRole": "01",
            "Date": ""
          }
        ]
      },
      "ProductSupply": {
        "SupplyDetail": {
          "ReturnsConditions": {
            "ReturnsCodeType": "04",
            "ReturnsCode": "02"
          },
          "ProductAvailability": "99"
        }
      }
    },
    "hanmoto": {
      "datecreated": "2017-08-09 09:12:24",
      "dateshuppan": "1991-02",
      "datemodified": "2017-08-09 09:12:24"
    },
    "summary": {
      "isbn": "9784003200490",
      "title": "杜甫詩選",
      "volume": "",
      "series": "",
      "publisher": "岩波書店",
      "pubdate": "1991-02",
      "cover": "https://cover.openbd.jp/9784003200490.jpg",
      "author": "杜甫／著 黒川洋一／著"
    }
  }
]