[
  {
    "onix": {
      "RecordReference": "9784003202586",
      "NotificationType": "03",
      "ProductIdentifier": {
        "ProductIDType": "15",
        "IDValue": "9784003202586"
      },
      "DescriptiveDetail": {
        "ProductComposition": "00",
        "ProductForm": "BZ",
        "Measure": [
          {
            "MeasureType": "01",
            "Measurement": "150",
            "MeasureUnitCode": "mm"
          },
          {
            "MeasureType": "02",
            "Measurement": "0",
            "MeasureUnitCode": "mm"
          }
        ],
        "Collection": {
          "CollectionType": "10",
          "TitleDetail": {
            "TitleType": "01",
            "TitleElement": [
              {
                "TitleElementLevel": "02",
                "TitleText": {
                  "content": "岩波文庫"
                }
              }
            ]
          }
        },
        "TitleDetail": {
          "TitleType": "01",
          "TitleElement": {
            "TitleElementLevel": "01",
            "TitleText": {
              "collationkey": "ロジンヒョウロンシュウ",
              "content": "魯迅評論集"
            }
          }
        },
        "Contributor": [
          {
            "SequenceNumber": "1",
            "ContributorRole": [
              "B06"
            ],
            "PersonName": {
              "content": "竹内 好"
            }
          },
          {
            "SequenceNumber": "2",
            "ContributorRole": [
              "A01"
            ],
            "PersonName": {
              "content": "魯迅"
            }
          }
        ],
        "Language": [
          {
            "LanguageRole": "01",
            "LanguageCode": "jpn",
            "CountryCode": "JP"
          }
        ],
        "Extent": [
          {
            "ExtentType": "11",
            "ExtentValue": "275",
            "ExtentUnit": "03"
          }
        ]
      },
      "CollateralDetail": {
        "TextContent": [
          {
            "TextType": "03",
            "ContentAudience": "00",
            "Text": "魯迅(1881‐1936)には小説のほかに数多くの評論・随筆があり、寸鉄人を刺す筆を揮った。その中から自己の心境を述べた「『墓』の後に記す」、3.18事件に抗議した「花なきバラ」、林語堂との論争記録「『フェアプレイ』はまだ早い」、講演「魏晋の気風および文章と薬および酒の関係」、遺言を記した「死」など17篇を収録。"
          },
          {
            "TextType": "04",
            "ContentAudience": "00",
            "Text": "『墓』の後に記す\n花なきバラ\n花なきバラの二\n忘却のための記念\n深夜に記す\n随感録 抄\n「フェアプレイ」はまだ早い\nどう書くか-夜記の一\n小雑感\n半夏小集〔ほか〕"
          }
        ]
      },
      "PublishingDetail": {
        "Imprint": {
          "ImprintIdentifier": [
            {
              "ImprintIDType": "19"
            }
          ],
          "ImprintName": "岩波書店"
        },
        "PublishingDate": [
          {
            "PublishingDateRole": "01",
            "Date": ""
          }
        ]
      },
      "ProductSupply": {
        "SupplyDetail": {
          "ReturnsConditions": {
            "ReturnsCodeType": "04",
            "ReturnsCode": "02"
          },
          "ProductAvailability": "99"
        }
      }
    },
    "hanmoto": {
      "datecreated": "2016-04-24 16:36:07",
      "dateshuppan": "2009-4-16",
      "datemodified": "2016-04-24 16:36:07"
    },
    "summary": {
      "isbn": "9784003202586",
      "title": "魯迅評論集",
      "volume": "",
      "series": "",
      "publisher": "岩波書店",
      "pubdate": "2009-4-16",
      "cover": "",
      "author": "竹内好／翻訳 魯迅／著"
    }
  }
]