[
  {
    "onix": {
      "RecordReference": "9784003203613",
      "NotificationType": "03",
      "ProductIdentifier": {
        "ProductIDType": "15",
        "IDValue": "9784003203613"
      },
      "DescriptiveDetail": {
        "ProductComposition": "00",
        "ProductForm": "BZ",
        "Measure": [
          {
            "MeasureType": "01",
            "Measurement": "160",
            "MeasureUnitCode": "mm"
          }
        ],
        "Collection": {
          "CollectionType": "10",
          "TitleDetail": {
            "TitleType": "01",
            "TitleElement": [
              {
                "TitleElementLevel": "02",
                "TitleText": {
                  "content": "岩波文庫 ; 794"
                }
              }
            ]
          }
        },
        "TitleDetail": {
          "TitleType": "01",
          "TitleElement": {
            "TitleElementLevel": "01",
            "TitleText": {
              "collationkey": "ツウゾク ココン キカン",
              "content": "通俗古今奇観"
            }
          }
        },
        "Contributor": [
          {
            "SequenceNumber": "1",
            "ContributorRole": [
              "A01"
            ],
            "PersonName": {
              "content": "抱甕老人"
            }
          },
          {
            "SequenceNumber": "2",
            "ContributorRole": [
              "A01"
            ],
            "PersonName": {
              "content": "淡齋 主人"
            }
          },
          {
            "SequenceNumber": "3",
            "ContributorRole": [
              "A01"
            ],
            "PersonName": {
              "content": "青木 正児"
            }
          },
          {
            "SequenceNumber": "4",
            "ContributorRole": [
              "B06"
            ],
            "PersonName": {
              "content": "淡斎主人"
            }
          }
        ],
        "Language": [
          {
            "LanguageRole": "01",
            "LanguageCode": "jpn",
            "CountryCode": "JP"
          }
        ],
        "Extent": [
          {
            "ExtentType": "11",
            "ExtentValue": "174",
            "ExtentUnit": "03"
          }
        ]
      },
      "CollateralDetail": {
        "TextContent": [
          {
            "TextType": "03",
            "ContentAudience": "00",
            "Text": "附: 月下清談 (森羅子編 青木正児校)"
          }
        ]
      },
      "PublishingDetail": {
        "Imprint": {
          "ImprintIdentifier": [
            {
              "ImprintIDType": "19"
            }
          ],
          "ImprintName": "岩波書店"
        },
        "PublishingDate": [
          {
            "PublishingDateRole": "01",
            "Date": ""
          }
        ]
      },
      "ProductSupply": {
        "MarketPublishingDetail": {
          "MarketPublishingStatus": "00",
          "MarketPublishingStatusNote": "1;"
        },
        "SupplyDetail": {
          "ProductAvailability": "99"
        }
      }
    },
    "hanmoto": {
      "datecreated": "2019-07-31 18:51:57",
      "datemodified": "2019-07-31 18:51:57"
    },
    "summary": {
      "isbn": "9784003203613",
      "title": "通俗古今奇観",
      "volume": "",
      "series": "",
      "publisher": "岩波書店",
      "pubdate": "",
      "cover": "",
      "author": "抱甕老人／著 淡齋主人／著 青木正児／著 淡斎主人／翻訳"
    }
  }
]