[
  {
    "onix": {
      "RecordReference": "9784003204115",
      "NotificationType": "03",
      "ProductIdentifier": {
        "ProductIDType": "15",
        "IDValue": "9784003204115"
      },
      "DescriptiveDetail": {
        "ProductComposition": "00",
        "ProductForm": "BZ",
        "Measure": [
          {
            "MeasureType": "01",
            "Measurement": "150",
            "MeasureUnitCode": "mm"
          },
          {
            "MeasureType": "02",
            "Measurement": "0",
            "MeasureUnitCode": "mm"
          }
        ],
        "Collection": {
          "CollectionType": "10",
          "TitleDetail": {
            "TitleType": "01",
            "TitleElement": [
              {
                "TitleElementLevel": "02",
                "TitleText": {
                  "content": "岩波文庫"
                }
              }
            ]
          }
        },
        "TitleDetail": {
          "TitleType": "01",
          "TitleElement": {
            "TitleElementLevel": "01",
            "TitleText": {
              "collationkey": "リク ユウ シセン",
              "content": "陸游詩選"
            }
          }
        },
        "Contributor": [
          {
            "SequenceNumber": "1",
            "ContributorRole": [
              "A01"
            ],
            "PersonName": {
              "content": "一海 知義"
            }
          },
          {
            "SequenceNumber": "2",
            "ContributorRole": [
              "A01"
            ],
            "PersonName": {
              "content": "陸 游"
            }
          }
        ],
        "Language": [
          {
            "LanguageRole": "01",
            "LanguageCode": "jpn",
            "CountryCode": "JP"
          }
        ],
        "Extent": [
          {
            "ExtentType": "11",
            "ExtentValue": "413",
            "ExtentUnit": "03"
          }
        ]
      },
      "CollateralDetail": {
        "TextContent": [
          {
            "TextType": "03",
            "ContentAudience": "00",
            "Text": "南宋随一の詩人陸游(1125‐1209)。国土の半分を金に奪われた祖国を憂え、世に容れられぬ主戦論者として、波瀾の生涯を送る。放翁と号して不正や怯懦を歯に衣着せず批判する一方、異土の山水、故郷の風物に目を凝らし、農村の営みをこまやかに歌う。生涯に約一万首の詩を残した巨大な詩人の愛国詩・閑適詩一六七首を精選。"
          },
          {
            "TextType": "04",
            "ContentAudience": "00",
            "Text": "新夏 事に感ず\n七兄が揚州の帥幕に赴くを送る\n望江の道中\n山西の村に遊ぶ\n村童の渓上に戯るを観る\n楓橋に宿る\n公安\n滄灘\n拆号の日を定め、喜びて作有り\n岳池の農家〔ほか〕"
          }
        ],
        "SupportingResource": [
          {
            "ResourceContentType": "01",
            "ContentAudience": "01",
            "ResourceMode": "03",
            "ResourceVersion": [
              {
                "ResourceForm": "02",
                "ResourceVersionFeature": [
                  {
                    "ResourceVersionFeatureType": "01",
                    "FeatureValue": "D502"
                  },
                  {
                    "ResourceVersionFeatureType": "04",
                    "FeatureValue": "9784003204115.jpg"
                  }
                ],
                "ResourceLink": "https://cover.openbd.jp/9784003204115.jpg"
              }
            ]
          }
        ]
      },
      "PublishingDetail": {
        "Imprint": {
          "ImprintIdentifier": [
            {
              "ImprintIDType": "19",
              "IDValue": "00"
            }
          ],
          "ImprintName": "岩波書店"
        },
        "PublishingDate": [
          {
            "PublishingDateRole": "01",
            "Date": ""
          }
        ]
      },
      "ProductSupply": {
        "SupplyDetail": {
          "ReturnsConditions": {
            "ReturnsCodeType": "04",
            "ReturnsCode": "02"
          },
          "ProductAvailability": "99"
        }
      }
    },
    "hanmoto": {
      "datecreated": "2017-08-04 14:21:38",
      "dateshuppan": "2007-12",
      "datemodified": "2017-08-04 14:21:38"
    },
    "summary": {
      "isbn": "9784003204115",
      "title": "陸游詩選",
      "volume": "",
      "series": "",
      "publisher": "岩波書店",
      "pubdate": "2007-12",
      "cover": "https://cover.openbd.jp/9784003204115.jpg",
      "author": "一海知義／著 陸游／著"
    }
  }
]