[
  {
    "onix": {
      "RecordReference": "9784003207512",
      "NotificationType": "03",
      "ProductIdentifier": {
        "ProductIDType": "15",
        "IDValue": "9784003207512"
      },
      "DescriptiveDetail": {
        "ProductComposition": "00",
        "ProductForm": "BZ",
        "Measure": [
          {
            "MeasureType": "01",
            "Measurement": "15",
            "MeasureUnitCode": "mm"
          },
          {
            "MeasureType": "02",
            "Measurement": "0",
            "MeasureUnitCode": "mm"
          }
        ],
        "Collection": {
          "CollectionType": "10",
          "TitleDetail": {
            "TitleType": "01",
            "TitleElement": [
              {
                "TitleElementLevel": "02",
                "TitleText": {
                  "content": "岩波文庫"
                }
              }
            ]
          }
        },
        "TitleDetail": {
          "TitleType": "01",
          "TitleElement": {
            "TitleElementLevel": "01",
            "TitleText": {
              "collationkey": "ソラ ト カゼ ト ホシ ト シ : ユン ドンジュ シシュウ",
              "content": "空と風と星と詩 : 尹東柱詩集"
            }
          }
        },
        "Contributor": [
          {
            "SequenceNumber": "1",
            "ContributorRole": [
              "A01"
            ],
            "PersonName": {
              "content": "尹 東柱"
            }
          },
          {
            "SequenceNumber": "2",
            "ContributorRole": [
              "B06"
            ],
            "PersonName": {
              "content": "金 時鐘"
            }
          }
        ],
        "Language": [
          {
            "LanguageRole": "01",
            "LanguageCode": "jpn",
            "CountryCode": "JP"
          }
        ],
        "Extent": [
          {
            "ExtentType": "11",
            "ExtentValue": "186",
            "ExtentUnit": "03"
          }
        ]
      },
      "CollateralDetail": {
        "TextContent": [
          {
            "TextType": "03",
            "ContentAudience": "00",
            "Text": "「死ぬ日まで天を仰ぎ、一点の恥じ入ることもないことを」-。戦争末期、留学先の日本で27歳の若さで獄死した詩人、尹東柱(1917‐1945)。解放後、友人たちが遺された詩集を刊行すると、その清冽な言葉がたちまち韓国の若者たちを魅了した。これらの詩を「朝鮮人の遺産」と呼ぶ在日の詩人金時鐘が、詩集『空と風と星と詩』をはじめ全66篇を選び、訳出した。原詩を付す。"
          },
          {
            "TextType": "04",
            "ContentAudience": "00",
            "Text": "『空と風と星と詩』(序詩\n自画像\n少年\n雪降る地図 ほか)\n『空と風と星と詩』以外の作品から(白い影\nいとしい追憶\n流れる街\nたやすく書かれた詩 ほか)\n原詩"
          }
        ],
        "SupportingResource": [
          {
            "ResourceContentType": "01",
            "ContentAudience": "01",
            "ResourceMode": "03",
            "ResourceVersion": [
              {
                "ResourceForm": "02",
                "ResourceVersionFeature": [
                  {
                    "ResourceVersionFeatureType": "01",
                    "FeatureValue": "D502"
                  },
                  {
                    "ResourceVersionFeatureType": "04",
                    "FeatureValue": "9784003207512.jpg"
                  }
                ],
                "ResourceLink": "https://cover.openbd.jp/9784003207512.jpg"
              }
            ]
          }
        ]
      },
      "PublishingDetail": {
        "Imprint": {
          "ImprintIdentifier": [
            {
              "ImprintIDType": "19",
              "IDValue": "00"
            }
          ],
          "ImprintName": "岩波書店"
        },
        "PublishingDate": [
          {
            "PublishingDateRole": "01",
            "Date": ""
          }
        ]
      },
      "ProductSupply": {
        "SupplyDetail": {
          "ReturnsConditions": {
            "ReturnsCodeType": "04",
            "ReturnsCode": "02"
          },
          "ProductAvailability": "99"
        }
      }
    },
    "hanmoto": {
      "datecreated": "2015-08-20 10:51:28",
      "reviews": [
        {
          "post_user": "genkina",
          "reviewer": "荒川洋治（現代詩作家）",
          "source_id": 29,
          "kubun_id": 1,
          "source": "毎日新聞",
          "choyukan": "",
          "han": "",
          "link": "",
          "appearance": "2012-12-02",
          "gou": ""
        },
        {
          "post_user": "genkina",
          "reviewer": "きむふな(翻訳家)",
          "source_id": 20,
          "kubun_id": 1,
          "source": "読売新聞",
          "choyukan": "",
          "han": "",
          "link": "",
          "appearance": "2014-12-14",
          "gou": ""
        },
        {
          "post_user": "genkina",
          "reviewer": "月本昭男（旧約聖書学者、上智大学特任教授）",
          "source_id": 20,
          "kubun_id": 1,
          "source": "読売新聞",
          "choyukan": "朝刊",
          "han": "",
          "link": "",
          "appearance": "2016-08-14",
          "gou": ""
        },
        {
          "post_user": "genkina",
          "reviewer": "嶋岡晨（詩人）",
          "source_id": 19,
          "kubun_id": 1,
          "source": "東京新聞／中日新聞",
          "choyukan": "朝刊",
          "han": "",
          "link": "",
          "appearance": "2017-03-26",
          "gou": ""
        }
      ],
      "dateshuppan": "2012-10",
      "datemodified": "2015-08-20 10:51:28"
    },
    "summary": {
      "isbn": "9784003207512",
      "title": "空と風と星と詩 : 尹東柱詩集",
      "volume": "",
      "series": "",
      "publisher": "岩波書店",
      "pubdate": "2012-10",
      "cover": "https://cover.openbd.jp/9784003207512.jpg",
      "author": "尹東柱／著 金時鐘／翻訳"
    }
  }
]