[
  {
    "onix": {
      "RecordReference": "9784003202838",
      "NotificationType": "03",
      "ProductIdentifier": {
        "ProductIDType": "15",
        "IDValue": "9784003202838"
      },
      "DescriptiveDetail": {
        "ProductComposition": "00",
        "ProductForm": "BZ",
        "Measure": [
          {
            "MeasureType": "01",
            "Measurement": "150",
            "MeasureUnitCode": "mm"
          },
          {
            "MeasureType": "02",
            "Measurement": "0",
            "MeasureUnitCode": "mm"
          }
        ],
        "Collection": {
          "CollectionType": "10",
          "TitleDetail": {
            "TitleType": "01",
            "TitleElement": [
              {
                "TitleElementLevel": "02",
                "TitleText": {
                  "content": "岩波文庫"
                }
              }
            ]
          }
        },
        "TitleDetail": {
          "TitleType": "01",
          "TitleElement": {
            "TitleElementLevel": "01",
            "TitleText": {
              "collationkey": "サムイヨル",
              "content": "寒い夜"
            }
          }
        },
        "Contributor": [
          {
            "SequenceNumber": "1",
            "ContributorRole": [
              "A01"
            ],
            "PersonName": {
              "content": "巴金"
            }
          },
          {
            "SequenceNumber": "2",
            "ContributorRole": [
              "B06"
            ],
            "PersonName": {
              "content": "立間 祥介"
            }
          }
        ],
        "Language": [
          {
            "LanguageRole": "01",
            "LanguageCode": "jpn",
            "CountryCode": "JP"
          }
        ],
        "Extent": [
          {
            "ExtentType": "11",
            "ExtentValue": "500",
            "ExtentUnit": "03"
          }
        ]
      },
      "CollateralDetail": {
        "TextContent": [
          {
            "TextType": "03",
            "ContentAudience": "00",
            "Text": "現代中国を代表する作家・巴金(1904‐2005)。その到達点を示す長編小説。病に冒され、ゆきづまった生活を送る無力なインテリ。その妻と母親の間には嫁姑の対立がある。誰が悪いわけでもない。だが各人にはどうすることもできない自我とこだわりがある。そこから生まれてしまう感情のせめぎ合い。苛烈な人生のドラマが胸を打つ。"
          }
        ]
      },
      "PublishingDetail": {
        "Imprint": {
          "ImprintIdentifier": [
            {
              "ImprintIDType": "19",
              "IDValue": "00"
            }
          ],
          "ImprintName": "岩波書店"
        },
        "PublishingDate": [
          {
            "PublishingDateRole": "01",
            "Date": ""
          }
        ]
      },
      "ProductSupply": {
        "SupplyDetail": {
          "ReturnsConditions": {
            "ReturnsCodeType": "04",
            "ReturnsCode": "02"
          },
          "ProductAvailability": "99"
        }
      }
    },
    "hanmoto": {
      "datecreated": "2016-04-28 09:48:57",
      "dateshuppan": "2016-3-16",
      "datemodified": "2016-04-28 09:48:57"
    },
    "summary": {
      "isbn": "9784003202838",
      "title": "寒い夜",
      "volume": "",
      "series": "",
      "publisher": "岩波書店",
      "pubdate": "2016-3-16",
      "cover": "",
      "author": "巴金／著 立間祥介／翻訳"
    }
  }
]