[
  {
    "onix": {
      "RecordReference": "9784003202104",
      "NotificationType": "03",
      "ProductIdentifier": {
        "ProductIDType": "15",
        "IDValue": "9784003202104"
      },
      "DescriptiveDetail": {
        "ProductComposition": "00",
        "ProductForm": "BA",
        "ProductFormDetail": "B111",
        "Collection": {
          "CollectionType": "10",
          "TitleDetail": {
            "TitleType": "01",
            "TitleElement": [
              {
                "TitleElementLevel": "02",
                "TitleText": {
                  "collationkey": "イワナミブンコ",
                  "content": "岩波文庫"
                }
              }
            ]
          }
        },
        "TitleDetail": {
          "TitleType": "01",
          "TitleElement": {
            "TitleElementLevel": "01",
            "TitleText": {
              "collationkey": "サイユウキ",
              "content": "西遊記　10"
            },
            "Subtitle": {
              "collationkey": "",
              "content": "全十冊"
            }
          }
        },
        "Contributor": [
          {
            "SequenceNumber": "1",
            "ContributorRole": [
              "B06"
            ],
            "PersonName": {
              "collationkey": "ナカノ　ミヨコ",
              "content": "中野　美代子"
            }
          }
        ],
        "Language": [
          {
            "LanguageRole": "01",
            "LanguageCode": "jpn"
          }
        ],
        "Extent": [
          {
            "ExtentType": "11",
            "ExtentValue": "514",
            "ExtentUnit": "03"
          }
        ],
        "Subject": [
          {
            "SubjectSchemeIdentifier": "78",
            "SubjectCode": "0197"
          },
          {
            "SubjectSchemeIdentifier": "79",
            "SubjectCode": "31"
          }
        ],
        "Audience": [
          {
            "AudienceCodeType": "22",
            "AudienceCodeValue": "00"
          }
        ]
      },
      "CollateralDetail": {
        "TextContent": [
          {
            "TextType": "02",
            "ContentAudience": "00",
            "Text": "西方み仏の地に入り，平穏無事の旅は極楽のごとし．"
          },
          {
            "TextType": "03",
            "ContentAudience": "00",
            "Text": "千里を行くものは九九九里をもって半ばとす，とて，ようよう西方み仏の地に足を踏み入れた一行，平穏無事の旅はまことに極楽の地を行くごとし．どっこい，苦難の旅の終りも間近，大天竺国にて国をあげて賑やかなその日，婿選びの綉球投げにて三蔵を狙うのは，取経の聖僧を待ち受ける，国王のにせ公主であった．（全十冊完結）"
          }
        ],
        "SupportingResource": [
          {
            "ResourceContentType": "01",
            "ContentAudience": "01",
            "ResourceMode": "03",
            "ResourceVersion": [
              {
                "ResourceForm": "02",
                "ResourceVersionFeature": [
                  {
                    "ResourceVersionFeatureType": "01",
                    "FeatureValue": "D502"
                  },
                  {
                    "ResourceVersionFeatureType": "04",
                    "FeatureValue": "9784003202104.jpg"
                  }
                ],
                "ResourceLink": "https://cover.openbd.jp/9784003202104.jpg"
              }
            ]
          }
        ]
      },
      "PublishingDetail": {
        "Imprint": {
          "ImprintIdentifier": [
            {
              "ImprintIDType": "19",
              "IDValue": "00"
            },
            {
              "ImprintIDType": "24",
              "IDValue": "0365"
            }
          ],
          "ImprintName": "岩波書店"
        },
        "PublishingDate": [
          {
            "PublishingDateRole": "01",
            "Date": "20050617"
          }
        ]
      },
      "ProductSupply": {
        "MarketPublishingDetail": {
          "MarketPublishingStatus": "00"
        },
        "SupplyDetail": {
          "ProductAvailability": "99",
          "Price": [
            {
              "PriceType": "03",
              "PriceAmount": "1000",
              "CurrencyCode": "JPY"
            }
          ]
        }
      }
    },
    "hanmoto": {
      "datecreated": "2018-08-19 12:44:30",
      "reviews": [
        {
          "post_user": "genkina",
          "reviewer": "宮本雄二（日中関係学会会長）",
          "source_id": 23,
          "kubun_id": 1,
          "source": "日本経済新聞",
          "choyukan": "朝刊",
          "han": "",
          "link": "",
          "appearance": "2018-08-18",
          "gou": ""
        }
      ],
      "dateshuppan": "1998-04",
      "datemodified": "2018-08-19 12:44:30"
    },
    "summary": {
      "isbn": "9784003202104",
      "title": "西遊記　10 全十冊",
      "volume": "",
      "series": "",
      "publisher": "岩波書店",
      "pubdate": "20050617",
      "cover": "https://cover.openbd.jp/9784003202104.jpg",
      "author": "中野美代子／翻訳"
    }
  }
]