[
  {
    "onix": {
      "RecordReference": "9784003202531",
      "NotificationType": "03",
      "ProductIdentifier": {
        "ProductIDType": "15",
        "IDValue": "9784003202531"
      },
      "DescriptiveDetail": {
        "ProductComposition": "00",
        "ProductForm": "BZ",
        "Measure": [
          {
            "MeasureType": "01",
            "Measurement": "150",
            "MeasureUnitCode": "mm"
          },
          {
            "MeasureType": "02",
            "Measurement": "0",
            "MeasureUnitCode": "mm"
          }
        ],
        "Collection": {
          "CollectionType": "10",
          "TitleDetail": {
            "TitleType": "01",
            "TitleElement": [
              {
                "TitleElementLevel": "02",
                "TitleText": {
                  "content": "岩波文庫"
                }
              }
            ]
          }
        },
        "TitleDetail": {
          "TitleType": "01",
          "TitleElement": {
            "TitleElementLevel": "01",
            "TitleText": {
              "collationkey": "チョウカ セキシュウ",
              "content": "朝花夕拾"
            }
          }
        },
        "Contributor": [
          {
            "SequenceNumber": "1",
            "ContributorRole": [
              "B06"
            ],
            "PersonName": {
              "content": "松枝 茂夫"
            }
          },
          {
            "SequenceNumber": "2",
            "ContributorRole": [
              "A01"
            ],
            "PersonName": {
              "content": "魯迅"
            }
          }
        ],
        "Language": [
          {
            "LanguageRole": "01",
            "LanguageCode": "jpn",
            "CountryCode": "JP"
          }
        ],
        "Extent": [
          {
            "ExtentType": "11",
            "ExtentValue": "130",
            "ExtentUnit": "03"
          }
        ]
      },
      "CollateralDetail": {
        "TextContent": [
          {
            "TextType": "04",
            "ContentAudience": "00",
            "Text": "目次 \n小引 / 6\n犬・猫・鼠 / 9\n阿長と山海経 / 22\n二十四孝図 / 31\n五猖会 / 40\n無常 / 46\n百草園より三味書屋へ / 58\n父の病気 / 65\n瑣記 / 73\n藤野先生 / 83\n范愛農 / 91\n後記 / 102\n解説 / 121"
          }
        ]
      },
      "PublishingDetail": {
        "Imprint": {
          "ImprintIdentifier": [
            {
              "ImprintIDType": "19"
            }
          ],
          "ImprintName": "岩波書店"
        },
        "PublishingDate": [
          {
            "PublishingDateRole": "01",
            "Date": ""
          }
        ]
      },
      "ProductSupply": {
        "SupplyDetail": {
          "ReturnsConditions": {
            "ReturnsCodeType": "04",
            "ReturnsCode": "02"
          },
          "ProductAvailability": "99"
        }
      }
    },
    "hanmoto": {
      "datecreated": "2016-04-24 16:36:09",
      "dateshuppan": "1955-01",
      "datemodified": "2016-04-24 16:36:09"
    },
    "summary": {
      "isbn": "9784003202531",
      "title": "朝花夕拾",
      "volume": "",
      "series": "",
      "publisher": "岩波書店",
      "pubdate": "1955-01",
      "cover": "",
      "author": "松枝茂夫／翻訳 魯迅／著"
    }
  }
]