[
  {
    "onix": {
      "RecordReference": "9784003204559",
      "NotificationType": "03",
      "ProductIdentifier": {
        "ProductIDType": "15",
        "IDValue": "9784003204559"
      },
      "DescriptiveDetail": {
        "ProductComposition": "00",
        "ProductForm": "BA",
        "ProductFormDetail": "B111",
        "TitleDetail": {
          "TitleType": "01",
          "TitleElement": {
            "TitleElementLevel": "01",
            "TitleText": {
              "collationkey": "モンゼン　シヘン05",
              "content": "文選　詩篇　（五）"
            },
            "Subtitle": {
              "collationkey": "",
              "content": "（全六冊）"
            }
          }
        },
        "Contributor": [
          {
            "SequenceNumber": "1",
            "ContributorRole": [
              "A01"
            ],
            "PersonName": {
              "collationkey": "カワイ　コウゾウ",
              "content": "川合　康三"
            }
          },
          {
            "SequenceNumber": "2",
            "ContributorRole": [
              "A01"
            ],
            "PersonName": {
              "collationkey": "トミナガ　カズト",
              "content": "富永　一登"
            }
          },
          {
            "SequenceNumber": "3",
            "ContributorRole": [
              "A01"
            ],
            "PersonName": {
              "collationkey": "カマタニ　タケシ",
              "content": "釜谷　武志"
            }
          },
          {
            "SequenceNumber": "4",
            "ContributorRole": [
              "A01"
            ],
            "PersonName": {
              "collationkey": "ワダ　ヒデノブ",
              "content": "和田　英信"
            }
          },
          {
            "SequenceNumber": "5",
            "ContributorRole": [
              "A01"
            ],
            "PersonName": {
              "collationkey": "アサミ　ヨウジ",
              "content": "浅見　洋二"
            }
          },
          {
            "SequenceNumber": "6",
            "ContributorRole": [
              "A01"
            ],
            "PersonName": {
              "collationkey": "ミドリカワ　ヒデキ",
              "content": "緑川　英樹"
            }
          }
        ],
        "Language": [
          {
            "LanguageRole": "01",
            "LanguageCode": "jpn"
          }
        ],
        "Extent": [
          {
            "ExtentType": "11",
            "ExtentValue": "408",
            "ExtentUnit": "03"
          }
        ],
        "Subject": [
          {
            "SubjectSchemeIdentifier": "78",
            "SubjectCode": "0198"
          }
        ],
        "Audience": [
          {
            "AudienceCodeType": "22",
            "AudienceCodeValue": "00"
          }
        ]
      },
      "CollateralDetail": {
        "TextContent": [
          {
            "TextType": "02",
            "ContentAudience": "00",
            "Text": "生のはかなさ，恋の哀しみをうたう「古詩十九首」，李陵と蘇武の送別詩，劉邦の「大風の歌」など，中国古典詩の源となった作品群．"
          },
          {
            "TextType": "03",
            "ContentAudience": "00",
            "Text": "「去る者は日びに以て疏し」──生のはかなさ、恋の哀しみをうたう「古詩十九首」。「遊子　暮に何くにか之く」──李陵と蘇武との間で交わされた送別詩。五言詩の祖として名高い作のほか、漢の高祖劉邦が得意の絶頂で歌った「大風の歌」、人の死を悼む陶淵明らの挽歌など、民間の抒情と文人の洗練とが交叉する101首を収録。（全6冊）"
          },
          {
            "TextType": "04",
            "ContentAudience": "00",
            "Text": "第五冊のはじめに\n凡　例\n\n巻二八　楽府下，挽歌，雑歌\n　楽府（がふ）下\n　挽歌（ばんか）\n　雑歌（ざっか）\n　　コラム　楽府\n\n巻二九　雑詩 上\n　雑詩（ざっし）上\n　 　コラム　古詩十九首\n\n地　図\n\n\n【全六冊の構成】\n第一冊　巻一九（補亡，述徳，勧励），巻二〇（献詩，公讌，祖餞），巻二一（詠史）\n第二冊　巻二一（詠史（続），百一，遊仙），巻二二（招隠，反招隠，遊覧），巻二三（詠懐，哀傷）\n第三冊　巻二三（贈答一），巻二四（贈答二），巻二五（贈答三）\n第四冊　巻二五（贈答三（続）），巻二六（贈答四，行旅上），巻二七（行旅下，軍戎，郊廟，楽府上）\n第五冊　巻二八（楽府下，挽歌，雑歌），巻二九（雑詩上）\n第六冊　巻三〇（雑詩下，雑擬上），巻三一（雑擬下）"
          }
        ],
        "SupportingResource": [
          {
            "ResourceContentType": "01",
            "ContentAudience": "01",
            "ResourceMode": "03",
            "ResourceVersion": [
              {
                "ResourceForm": "02",
                "ResourceVersionFeature": [
                  {
                    "ResourceVersionFeatureType": "01",
                    "FeatureValue": "D502"
                  },
                  {
                    "ResourceVersionFeatureType": "04",
                    "FeatureValue": "9784003204559.jpg"
                  }
                ],
                "ResourceLink": "https://cover.openbd.jp/9784003204559.jpg"
              }
            ]
          }
        ]
      },
      "PublishingDetail": {
        "Imprint": {
          "ImprintIdentifier": [
            {
              "ImprintIDType": "19",
              "IDValue": "00"
            },
            {
              "ImprintIDType": "24",
              "IDValue": "0365"
            }
          ],
          "ImprintName": "岩波書店"
        },
        "PublishingDate": [
          {
            "PublishingDateRole": "01",
            "Date": "20190216"
          }
        ]
      },
      "ProductSupply": {
        "MarketPublishingDetail": {
          "MarketPublishingStatus": "00"
        },
        "SupplyDetail": {
          "ProductAvailability": "99",
          "Price": [
            {
              "PriceType": "03",
              "PriceAmount": "1020",
              "CurrencyCode": "JPY"
            }
          ]
        }
      }
    },
    "hanmoto": {
      "datemodified": "2019-01-31 10:08:50",
      "datecreated": "2019-01-24 16:13:27",
      "datekoukai": "2019-01-24"
    },
    "summary": {
      "isbn": "9784003204559",
      "title": "文選　詩篇　（五） （全六冊）",
      "volume": "",
      "series": "",
      "publisher": "岩波書店",
      "pubdate": "20190216",
      "cover": "https://cover.openbd.jp/9784003204559.jpg",
      "author": "川合康三／著 富永一登／著 釜谷武志／著 和田英信／著 浅見洋二／著 緑川英樹／著"
    }
  }
]