[
  {
    "onix": {
      "RecordReference": "9784003208212",
      "NotificationType": "03",
      "ProductIdentifier": {
        "ProductIDType": "15",
        "IDValue": "9784003208212"
      },
      "DescriptiveDetail": {
        "ProductComposition": "00",
        "ProductForm": "BZ",
        "Measure": [
          {
            "MeasureType": "01",
            "Measurement": "160",
            "MeasureUnitCode": "mm"
          },
          {
            "MeasureType": "02",
            "Measurement": "0",
            "MeasureUnitCode": "mm"
          }
        ],
        "Collection": {
          "CollectionType": "10",
          "TitleDetail": {
            "TitleType": "01",
            "TitleElement": [
              {
                "TitleElementLevel": "02",
                "TitleText": {
                  "content": "岩波文庫 ; 1373-1374"
                }
              }
            ]
          }
        },
        "TitleDetail": {
          "TitleType": "01",
          "TitleElement": {
            "TitleElementLevel": "01",
            "TitleText": {
              "collationkey": "アイヌ ジョジシ ユーカラ",
              "content": "アイヌ叙事詩ユーカラ"
            }
          }
        },
        "Contributor": [
          {
            "SequenceNumber": "1",
            "ContributorRole": [
              "B06"
            ],
            "PersonName": {
              "content": "金田一 京助"
            }
          }
        ],
        "Language": [
          {
            "LanguageRole": "01",
            "LanguageCode": "jpn",
            "CountryCode": "JP"
          }
        ],
        "Extent": [
          {
            "ExtentType": "11",
            "ExtentValue": "350",
            "ExtentUnit": "03"
          }
        ]
      },
      "CollateralDetail": {
        "TextContent": [
          {
            "TextType": "04",
            "ContentAudience": "00",
            "Text": "標題 \n目次 \n例言 / 1\n解題 / 9\n神々のユーカラ / 27\nハンチキキー(雀神酒宴說話) / 29\nサンタトリパイナ(月中童子說話) / 33\nヅスナバヌ(角鮫の懲らさるゝ話) / 37\nアシュシュンアシュシュン(蛇體の懲らさるゝ話) / 41\nハンロッカ(砂むぐり鳥の神罰の話) / 44\nウウーアテンルテンル(太刀魚の起原說話) / 46\nイヌサイヌサ(漁獵の幸の女神の說話) / 49\nテヤテンナ(火神の彥神を惡魔から囘復する話) / 58\nアノアノアノ(飢饉魔を平ぐる話) / 66\nケネペヅイヅイ(荒熊を懲す話) / 73\nヘーイヌウン(南風の神を懲す話) / 76\nノーベー(ピポクの嶽の女神嫉妬の話) / 87\nノーオウー(首無し胴體がわめいて追ひかけて來る話) / 90\nハプラクシテフムフム(若きオタシュトびとの話) / 102\n羽衣說話を含むオイナ / 110\n大傳(日の女神を巨魔から囘復する話) / 130\n神傳(オイナカムイの系圖の話) / 145\n神傳別傳(國燒郷燒大椀被りの子) / 174\n英雄のユーカラ / 187\n虎杖丸の曲 / 189\n第一段 序曲、生立の卷 / 189\n第二段 第一戰記、石狩の卷、黃金のラツコ禍亂の因となる事 / 191\n第三段 第二戰記、オマンペシカの卷、異國に父の代の故舊のあるを知る事 / 204\n第四段 第三戰記、酒ほがひの卷、シヌタブカの諸英雄みな毒刄に斃れい虎杖丸始めて威靈を顯す事 / 226\n第五段 第四戰記、カネサンタの卷、ウカムペシカの女、虛病の事 / 241\n第六段 第五戰記、禿顱の卷、出獵して、虛病姬を奪ふ大敵に逢ふ事 / 269\n第七段 第六戰記、チワシペツの卷、虎杖丸再び威靈を顯す事 / 282\n第八段 第七戰記、メナシサムの卷、老婆に化けて變怪の憑依の眞似を演ずる事 / 305\n第九段 第八戰記、アヅイサラの卷、虛病姬、英雄の危難を救ふ事 / 335"
          }
        ]
      },
      "PublishingDetail": {
        "Imprint": {
          "ImprintIdentifier": [
            {
              "ImprintIDType": "19"
            }
          ],
          "ImprintName": "岩波書店"
        },
        "PublishingDate": [
          {
            "PublishingDateRole": "01",
            "Date": ""
          }
        ]
      },
      "ProductSupply": {
        "SupplyDetail": {
          "ReturnsConditions": {
            "ReturnsCodeType": "04",
            "ReturnsCode": "02"
          },
          "ProductAvailability": "99"
        }
      }
    },
    "hanmoto": {
      "datecreated": "2016-05-30 04:49:29",
      "dateshuppan": "昭和11-01",
      "datemodified": "2016-05-30 04:49:29"
    },
    "summary": {
      "isbn": "9784003208212",
      "title": "アイヌ叙事詩ユーカラ",
      "volume": "",
      "series": "",
      "publisher": "岩波書店",
      "pubdate": "昭和11-01",
      "cover": "",
      "author": "金田一京助／翻訳"
    }
  }
]