[
  {
    "onix": {
      "RecordReference": "9784003200810",
      "NotificationType": "03",
      "ProductIdentifier": {
        "ProductIDType": "15",
        "IDValue": "9784003200810"
      },
      "DescriptiveDetail": {
        "ProductComposition": "00",
        "ProductForm": "BZ",
        "Measure": [
          {
            "MeasureType": "01",
            "Measurement": "150",
            "MeasureUnitCode": "mm"
          }
        ],
        "Collection": {
          "CollectionType": "10",
          "TitleDetail": {
            "TitleType": "01",
            "TitleElement": [
              {
                "TitleElementLevel": "02",
                "TitleText": {
                  "content": "岩波文庫"
                }
              }
            ]
          }
        },
        "TitleDetail": {
          "TitleType": "01",
          "TitleElement": {
            "TitleElementLevel": "01",
            "PartNumber": "上",
            "TitleText": {
              "collationkey": "トウ エンメイ ゼンシュウ",
              "content": "陶淵明全集"
            }
          }
        },
        "Contributor": [
          {
            "SequenceNumber": "1",
            "ContributorRole": [
              "B06"
            ],
            "PersonName": {
              "content": "和田 武司"
            }
          },
          {
            "SequenceNumber": "2",
            "ContributorRole": [
              "B06"
            ],
            "PersonName": {
              "content": "松枝 茂夫"
            }
          },
          {
            "SequenceNumber": "3",
            "ContributorRole": [
              "A01"
            ],
            "PersonName": {
              "content": "陶 淵明"
            }
          }
        ],
        "Language": [
          {
            "LanguageRole": "01",
            "LanguageCode": "jpn",
            "CountryCode": "JP"
          }
        ],
        "Extent": [
          {
            "ExtentType": "11",
            "ExtentValue": "263",
            "ExtentUnit": "03"
          }
        ]
      },
      "CollateralDetail": {
        "TextContent": [
          {
            "TextType": "03",
            "ContentAudience": "00",
            "Text": "陶淵明(365‐427)といえば人は「帰りなんいざ、田園まさに蕪れなんとす」の一句を想いうかべ、酒を愛したのんきな田園詩人といったイメージを描くだろう。ところがどうして、そんなイメージをもってしては到底おおえぬ複雑な振幅の持主であることを何よりも作品が語っている。全作品の原文・訓読文に注・現代語訳をくわえた。"
          },
          {
            "TextType": "04",
            "ContentAudience": "00",
            "Text": "巻1 詩四言\n巻2 詩五言\n巻3 詩五言"
          }
        ]
      },
      "PublishingDetail": {
        "Imprint": {
          "ImprintIdentifier": [
            {
              "ImprintIDType": "19"
            }
          ],
          "ImprintName": "岩波書店"
        },
        "PublishingDate": [
          {
            "PublishingDateRole": "01",
            "Date": ""
          }
        ]
      },
      "ProductSupply": {
        "MarketPublishingDetail": {
          "MarketPublishingStatus": "00",
          "MarketPublishingStatusNote": "1;"
        },
        "SupplyDetail": {
          "ProductAvailability": "99"
        }
      }
    },
    "hanmoto": {
      "datecreated": "2019-05-15 15:38:44",
      "dateshuppan": "1990-01",
      "datemodified": "2019-05-15 15:38:44"
    },
    "summary": {
      "isbn": "9784003200810",
      "title": "陶淵明全集",
      "volume": "",
      "series": "",
      "publisher": "岩波書店",
      "pubdate": "1990-01",
      "cover": "",
      "author": "和田武司／翻訳 松枝茂夫／翻訳 陶淵明／著"
    }
  }
]