[
  {
    "onix": {
      "RecordReference": "9784003200513",
      "NotificationType": "03",
      "ProductIdentifier": {
        "ProductIDType": "15",
        "IDValue": "9784003200513"
      },
      "DescriptiveDetail": {
        "ProductComposition": "00",
        "ProductForm": "BZ",
        "Measure": [
          {
            "MeasureType": "01",
            "Measurement": "150",
            "MeasureUnitCode": "mm"
          }
        ],
        "Collection": {
          "CollectionType": "10",
          "TitleDetail": {
            "TitleType": "01",
            "TitleElement": [
              {
                "TitleElementLevel": "02",
                "TitleText": {
                  "content": "岩波文庫"
                }
              }
            ]
          }
        },
        "TitleDetail": {
          "TitleType": "01",
          "TitleElement": {
            "TitleElementLevel": "01",
            "TitleText": {
              "collationkey": "リ ハク シセン",
              "content": "李白詩選"
            }
          }
        },
        "Contributor": [
          {
            "SequenceNumber": "1",
            "ContributorRole": [
              "B06"
            ],
            "PersonName": {
              "content": "松浦 友久"
            }
          }
        ],
        "Language": [
          {
            "LanguageRole": "01",
            "LanguageCode": "jpn",
            "CountryCode": "JP"
          }
        ],
        "Extent": [
          {
            "ExtentType": "11",
            "ExtentValue": "397",
            "ExtentUnit": "03"
          }
        ]
      },
      "CollateralDetail": {
        "TextContent": [
          {
            "TextType": "03",
            "ContentAudience": "00",
            "Text": "盛唐の詩界に忽然と現われ、中国文学史に不滅の光を放ちつづける太白星、李白(七〇一‐六二)。著名な絶句・律詩・古体詩のほか、賦・序を加え、主要作品一二〇首を精選。最新の研究成果に基づく訳注により、奔放にして繊細な李白詩の精髄が味読できるようにした。"
          },
          {
            "TextType": "04",
            "ContentAudience": "00",
            "Text": "第1章 五言絶句\n第2章 七言絶句\n第3章 五言律詩\n第4章 五言排律\n第5章 七言律詩\n第6章 五言古詩\n第7章 七言古詩\n第8章 雑言古詩\n第9章 賦\n第10章 序"
          }
        ],
        "SupportingResource": [
          {
            "ResourceContentType": "01",
            "ContentAudience": "01",
            "ResourceMode": "03",
            "ResourceVersion": [
              {
                "ResourceForm": "02",
                "ResourceVersionFeature": [
                  {
                    "ResourceVersionFeatureType": "01",
                    "FeatureValue": "D502"
                  },
                  {
                    "ResourceVersionFeatureType": "04",
                    "FeatureValue": "9784003200513.jpg"
                  }
                ],
                "ResourceLink": "https://cover.openbd.jp/9784003200513.jpg"
              }
            ]
          }
        ]
      },
      "PublishingDetail": {
        "Imprint": {
          "ImprintIdentifier": [
            {
              "ImprintIDType": "19"
            }
          ],
          "ImprintName": "岩波書店"
        },
        "PublishingDate": [
          {
            "PublishingDateRole": "01",
            "Date": ""
          }
        ]
      },
      "ProductSupply": {
        "MarketPublishingDetail": {
          "MarketPublishingStatus": "00"
        },
        "SupplyDetail": {
          "ProductAvailability": "99"
        }
      }
    },
    "hanmoto": {
      "datecreated": "2019-03-04 14:43:03",
      "dateshuppan": "1997-01",
      "datemodified": "2019-03-04 14:43:03"
    },
    "summary": {
      "isbn": "9784003200513",
      "title": "李白詩選",
      "volume": "",
      "series": "",
      "publisher": "岩波書店",
      "pubdate": "1997-01",
      "cover": "https://cover.openbd.jp/9784003200513.jpg",
      "author": "松浦友久／翻訳"
    }
  }
]