[
  {
    "onix": {
      "RecordReference": "9784003206812",
      "NotificationType": "03",
      "ProductIdentifier": {
        "ProductIDType": "15",
        "IDValue": "9784003206812"
      },
      "DescriptiveDetail": {
        "ProductComposition": "00",
        "ProductForm": "BA",
        "ProductFormDetail": "B111",
        "Collection": {
          "CollectionType": "10",
          "TitleDetail": {
            "TitleType": "01",
            "TitleElement": [
              {
                "TitleElementLevel": "02",
                "TitleText": {
                  "collationkey": "イワナミブンコ",
                  "content": "岩波文庫　赤68-1"
                }
              }
            ]
          }
        },
        "TitleDetail": {
          "TitleType": "01",
          "TitleElement": {
            "TitleElementLevel": "01",
            "TitleText": {
              "collationkey": "バガヴァッドギーター",
              "content": "バガヴァッド・ギーター"
            }
          }
        },
        "Contributor": [
          {
            "SequenceNumber": "1",
            "ContributorRole": [
              "B06"
            ],
            "PersonName": {
              "collationkey": "カミムラ　カツヒコ",
              "content": "上村　勝彦"
            }
          }
        ],
        "Language": [
          {
            "LanguageRole": "01",
            "LanguageCode": "jpn"
          }
        ],
        "Extent": [
          {
            "ExtentType": "11",
            "ExtentValue": "272",
            "ExtentUnit": "03"
          }
        ],
        "Subject": [
          {
            "SubjectSchemeIdentifier": "78",
            "SubjectCode": "0114"
          }
        ],
        "Audience": [
          {
            "AudienceCodeType": "22",
            "AudienceCodeValue": "00"
          }
        ]
      },
      "PublishingDetail": {
        "Imprint": {
          "ImprintIdentifier": [
            {
              "ImprintIDType": "19",
              "IDValue": "00"
            },
            {
              "ImprintIDType": "24",
              "IDValue": "0365"
            }
          ],
          "ImprintName": "岩波書店"
        },
        "PublishingDate": [
          {
            "PublishingDateRole": "01",
            "Date": "19920316"
          },
          {
            "PublishingDateRole": "11",
            "Date": "199203"
          }
        ]
      },
      "ProductSupply": {
        "SupplyDetail": {
          "ProductAvailability": "99",
          "Price": [
            {
              "PriceType": "03",
              "PriceAmount": "720",
              "CurrencyCode": "JPY"
            }
          ]
        }
      },
      "CollateralDetail": {}
    },
    "hanmoto": {
      "datecreated": "2016-03-28 08:42:40",
      "dateshuppan": "1992-03",
      "datemodified": "2016-03-28 08:42:40"
    },
    "summary": {
      "isbn": "9784003206812",
      "title": "バガヴァッド・ギーター",
      "volume": "",
      "series": "",
      "publisher": "岩波書店",
      "pubdate": "19920316",
      "cover": "",
      "author": "上村勝彦／翻訳"
    }
  }
]