[
  {
    "onix": {
      "RecordReference": "9784003202098",
      "NotificationType": "03",
      "ProductIdentifier": {
        "ProductIDType": "15",
        "IDValue": "9784003202098"
      },
      "DescriptiveDetail": {
        "ProductComposition": "00",
        "ProductForm": "BA",
        "ProductFormDetail": "B111",
        "Collection": {
          "CollectionType": "10",
          "TitleDetail": {
            "TitleType": "01",
            "TitleElement": [
              {
                "TitleElementLevel": "02",
                "TitleText": {
                  "collationkey": "イワナミブンコ",
                  "content": "岩波文庫"
                }
              }
            ]
          }
        },
        "TitleDetail": {
          "TitleType": "01",
          "TitleElement": {
            "TitleElementLevel": "01",
            "TitleText": {
              "collationkey": "サイユウキ",
              "content": "西遊記　9"
            },
            "Subtitle": {
              "collationkey": "",
              "content": "全十冊"
            }
          }
        },
        "Contributor": [
          {
            "SequenceNumber": "1",
            "ContributorRole": [
              "B06"
            ],
            "PersonName": {
              "collationkey": "ナカノ　ミヨコ",
              "content": "中野　美代子"
            }
          }
        ],
        "Language": [
          {
            "LanguageRole": "01",
            "LanguageCode": "jpn"
          }
        ],
        "Extent": [
          {
            "ExtentType": "11",
            "ExtentValue": "446",
            "ExtentUnit": "03"
          }
        ],
        "Subject": [
          {
            "SubjectSchemeIdentifier": "78",
            "SubjectCode": "0197"
          },
          {
            "SubjectSchemeIdentifier": "79",
            "SubjectCode": "31"
          }
        ],
        "Audience": [
          {
            "AudienceCodeType": "22",
            "AudienceCodeValue": "00"
          }
        ]
      },
      "CollateralDetail": {
        "TextContent": [
          {
            "TextType": "02",
            "ContentAudience": "00",
            "Text": "はて，三蔵さまはご無事か？（全十冊完結）"
          },
          {
            "TextType": "03",
            "ContentAudience": "00",
            "Text": "三蔵の凶星はいまだ消えず．鎮海禅林寺でわずらいつくと，すっかり気弱になり，唐の天子に遺言を書く始末．またも弟子たちに手をひかれ，ようようたどりついた先は滅法国．そこでは和尚一万人を殺すという国王の願掛けが，あと四人でめでたく満願になるところ．一行は頭巾であたまをつつみ，長持にもぐりむ．改版．（全十冊）"
          }
        ],
        "SupportingResource": [
          {
            "ResourceContentType": "01",
            "ContentAudience": "01",
            "ResourceMode": "03",
            "ResourceVersion": [
              {
                "ResourceForm": "02",
                "ResourceVersionFeature": [
                  {
                    "ResourceVersionFeatureType": "01",
                    "FeatureValue": "D502"
                  },
                  {
                    "ResourceVersionFeatureType": "04",
                    "FeatureValue": "9784003202098.jpg"
                  }
                ],
                "ResourceLink": "https://cover.openbd.jp/9784003202098.jpg"
              }
            ]
          }
        ]
      },
      "PublishingDetail": {
        "Imprint": {
          "ImprintIdentifier": [
            {
              "ImprintIDType": "19",
              "IDValue": "00"
            },
            {
              "ImprintIDType": "24",
              "IDValue": "0365"
            }
          ],
          "ImprintName": "岩波書店"
        },
        "PublishingDate": [
          {
            "PublishingDateRole": "01",
            "Date": "20050617"
          }
        ]
      },
      "ProductSupply": {
        "MarketPublishingDetail": {
          "MarketPublishingStatus": "00"
        },
        "SupplyDetail": {
          "ProductAvailability": "99",
          "Price": [
            {
              "PriceType": "03",
              "PriceAmount": "1000",
              "CurrencyCode": "JPY"
            }
          ]
        }
      }
    },
    "hanmoto": {
      "datecreated": "2019-09-23 10:14:28",
      "datekoukai": "2019-09-23",
      "datemodified": "2019-09-23 10:14:28"
    },
    "summary": {
      "isbn": "9784003202098",
      "title": "西遊記　9 全十冊",
      "volume": "",
      "series": "",
      "publisher": "岩波書店",
      "pubdate": "20050617",
      "cover": "https://cover.openbd.jp/9784003202098.jpg",
      "author": "中野美代子／翻訳"
    }
  }
]