[
  {
    "onix": {
      "RecordReference": "9784003207215",
      "NotificationType": "03",
      "ProductIdentifier": {
        "ProductIDType": "15",
        "IDValue": "9784003207215"
      },
      "DescriptiveDetail": {
        "ProductComposition": "00",
        "ProductForm": "BZ",
        "Measure": [
          {
            "MeasureType": "01",
            "Measurement": "15",
            "MeasureUnitCode": "mm"
          },
          {
            "MeasureType": "02",
            "Measurement": "0",
            "MeasureUnitCode": "mm"
          }
        ],
        "Collection": {
          "CollectionType": "10",
          "TitleDetail": {
            "TitleType": "01",
            "TitleElement": [
              {
                "TitleElementLevel": "02",
                "TitleText": {
                  "content": "岩波文庫"
                }
              }
            ]
          }
        },
        "TitleDetail": {
          "TitleType": "01",
          "TitleElement": {
            "TitleElementLevel": "01",
            "TitleText": {
              "collationkey": "チョウセン シシュウ",
              "content": "朝鮮詩集"
            }
          }
        },
        "Contributor": [
          {
            "SequenceNumber": "1",
            "ContributorRole": [
              "B06"
            ],
            "PersonName": {
              "content": "金 素雲"
            }
          }
        ],
        "Language": [
          {
            "LanguageRole": "01",
            "LanguageCode": "jpn",
            "CountryCode": "JP"
          }
        ],
        "Extent": [
          {
            "ExtentType": "11",
            "ExtentValue": "230",
            "ExtentUnit": "03"
          }
        ]
      },
      "CollateralDetail": {
        "TextContent": [
          {
            "TextType": "03",
            "ContentAudience": "00",
            "Text": "韓竜雲他39名の作品より集録"
          },
          {
            "TextType": "04",
            "ContentAudience": "00",
            "Text": "目次 \n序の言葉(島崎藤村) / 5\n文庫版に添えて(金素雲) / 7\n韓龍雲 \n金億 \n金石松 \n金素月 \n金東煥 \n金東鳴 \n金允植 \n金起林 \n金珖燮 \n金尙鎔 \n金泰午 \n金大鳳 \n許保 \n洪露雀 \n吳相淳 \n吳熙秉 \n朱耀翰 \n徐廷柱 \n辛石汀 \n趙明熙 \n張瑞彥 \n鄭芝溶 \n白石 \n卞榮魯 \n朴英熙 \n朴鍾和 \n朴八陽 \n朴龍喆 \n毛允淑 \n李光洙 \n李相和 \n李章熙 \n李燦 \n李箱 \n李陸史 \n李秉珏 \n柳致環 \n梁柱東 \n林學洙 \n盧天命 \n略歷紹介 / 215\n解說(尹紫遠) / 221"
          }
        ]
      },
      "PublishingDetail": {
        "Imprint": {
          "ImprintIdentifier": [
            {
              "ImprintIDType": "19"
            }
          ],
          "ImprintName": "岩波書店"
        },
        "PublishingDate": [
          {
            "PublishingDateRole": "01",
            "Date": ""
          }
        ]
      },
      "ProductSupply": {
        "SupplyDetail": {
          "ReturnsConditions": {
            "ReturnsCodeType": "04",
            "ReturnsCode": "02"
          },
          "ProductAvailability": "99"
        }
      }
    },
    "hanmoto": {
      "datecreated": "2015-10-18 22:08:27",
      "reviews": [
        {
          "post_user": "genkina",
          "reviewer": "芳賀徹（静岡県立美術館館長）",
          "source_id": 23,
          "kubun_id": 1,
          "source": "日本経済新聞",
          "choyukan": "",
          "han": "",
          "link": "",
          "appearance": "2015-10-18",
          "gou": ""
        }
      ],
      "dateshuppan": "1954-01",
      "datemodified": "2015-10-18 22:08:27"
    },
    "summary": {
      "isbn": "9784003207215",
      "title": "朝鮮詩集",
      "volume": "",
      "series": "",
      "publisher": "岩波書店",
      "pubdate": "1954-01",
      "cover": "",
      "author": "金素雲／翻訳"
    }
  }
]