[
  {
    "onix": {
      "RecordReference": "9784003207413",
      "NotificationType": "03",
      "ProductIdentifier": {
        "ProductIDType": "15",
        "IDValue": "9784003207413"
      },
      "DescriptiveDetail": {
        "ProductComposition": "00",
        "ProductForm": "BZ",
        "Measure": [
          {
            "MeasureType": "01",
            "Measurement": "150",
            "MeasureUnitCode": "mm"
          },
          {
            "MeasureType": "02",
            "Measurement": "0",
            "MeasureUnitCode": "mm"
          }
        ],
        "Collection": {
          "CollectionType": "10",
          "TitleDetail": {
            "TitleType": "01",
            "TitleElement": [
              {
                "TitleElementLevel": "02",
                "TitleText": {
                  "content": "岩波文庫"
                }
              }
            ]
          }
        },
        "TitleDetail": {
          "TitleType": "01",
          "TitleElement": {
            "TitleElementLevel": "01",
            "TitleText": {
              "collationkey": "チョウセン タンペン ショウセツセン",
              "content": "朝鮮短篇小説選 上"
            }
          }
        },
        "Contributor": [
          {
            "SequenceNumber": "1",
            "ContributorRole": [
              "B06"
            ],
            "PersonName": {
              "content": "三枝 寿勝"
            }
          },
          {
            "SequenceNumber": "2",
            "ContributorRole": [
              "A01"
            ],
            "PersonName": {
              "content": "大村 益夫"
            }
          },
          {
            "SequenceNumber": "3",
            "ContributorRole": [
              "B06"
            ],
            "PersonName": {
              "content": "長 璋吉"
            }
          },
          {
            "SequenceNumber": "4",
            "ContributorRole": [
              "B06"
            ],
            "PersonName": {
              "content": "三枝 寿勝"
            }
          }
        ],
        "Language": [
          {
            "LanguageRole": "01",
            "LanguageCode": "jpn",
            "CountryCode": "JP"
          }
        ],
        "Extent": [
          {
            "ExtentType": "11",
            "ExtentValue": "414",
            "ExtentUnit": "03"
          }
        ]
      },
      "CollateralDetail": {
        "TextContent": [
          {
            "TextType": "03",
            "ContentAudience": "00",
            "Text": "朝鮮の近代文学は、日本の統治に反対して起こった三・一運動の年-1919年に始まる。上巻には、様々な文芸思潮が流入し、いわゆる傾向文学の時代へとすすむ1920年代〜1930年代前半の短篇から、「笞刑」「甘藷」「運のよい日」「桑の葉」「民村」「白琴」「洛東江」「旱鬼」「地下村」「金講師とT教授」の10篇を精選。朝鮮近代文学への概観を与える選集。"
          }
        ],
        "SupportingResource": [
          {
            "ResourceContentType": "01",
            "ContentAudience": "01",
            "ResourceMode": "03",
            "ResourceVersion": [
              {
                "ResourceForm": "02",
                "ResourceVersionFeature": [
                  {
                    "ResourceVersionFeatureType": "01",
                    "FeatureValue": "D502"
                  },
                  {
                    "ResourceVersionFeatureType": "04",
                    "FeatureValue": "9784003207413.jpg"
                  }
                ],
                "ResourceLink": "https://cover.openbd.jp/9784003207413.jpg"
              }
            ]
          }
        ]
      },
      "PublishingDetail": {
        "Imprint": {
          "ImprintIdentifier": [
            {
              "ImprintIDType": "19"
            }
          ],
          "ImprintName": "岩波書店"
        },
        "PublishingDate": [
          {
            "PublishingDateRole": "01",
            "Date": ""
          }
        ]
      },
      "ProductSupply": {
        "SupplyDetail": {
          "ReturnsConditions": {
            "ReturnsCodeType": "04",
            "ReturnsCode": "02"
          },
          "ProductAvailability": "99"
        }
      }
    },
    "hanmoto": {
      "datecreated": "2016-04-27 17:35:09",
      "dateshuppan": "1984-04",
      "datemodified": "2016-04-27 17:35:09"
    },
    "summary": {
      "isbn": "9784003207413",
      "title": "朝鮮短篇小説選 上",
      "volume": "",
      "series": "",
      "publisher": "岩波書店",
      "pubdate": "1984-04",
      "cover": "https://cover.openbd.jp/9784003207413.jpg",
      "author": "三枝寿勝／翻訳 大村益夫／著 長璋吉／翻訳 三枝寿勝／翻訳"
    }
  }
]