[
  {
    "onix": {
      "RecordReference": "9784003200414",
      "NotificationType": "03",
      "ProductIdentifier": {
        "ProductIDType": "15",
        "IDValue": "9784003200414"
      },
      "DescriptiveDetail": {
        "ProductComposition": "00",
        "ProductForm": "BZ",
        "Measure": [
          {
            "MeasureType": "01",
            "Measurement": "150",
            "MeasureUnitCode": "mm"
          },
          {
            "MeasureType": "02",
            "Measurement": "0",
            "MeasureUnitCode": "mm"
          }
        ],
        "Collection": {
          "CollectionType": "10",
          "TitleDetail": {
            "TitleType": "01",
            "TitleElement": [
              {
                "TitleElementLevel": "02",
                "TitleText": {
                  "content": "岩波文庫"
                }
              }
            ]
          }
        },
        "TitleDetail": {
          "TitleType": "01",
          "TitleElement": {
            "TitleElementLevel": "01",
            "TitleText": {
              "collationkey": "トシ",
              "content": "杜詩 第8冊"
            }
          }
        },
        "Contributor": [
          {
            "SequenceNumber": "1",
            "ContributorRole": [
              "A01"
            ],
            "PersonName": {
              "content": "杜 甫"
            }
          },
          {
            "SequenceNumber": "2",
            "ContributorRole": [
              "B06"
            ],
            "PersonName": {
              "content": "鈴木 虎雄"
            }
          },
          {
            "SequenceNumber": "3",
            "ContributorRole": [
              "B06"
            ],
            "PersonName": {
              "content": "黒川 洋一"
            }
          }
        ],
        "Language": [
          {
            "LanguageRole": "01",
            "LanguageCode": "jpn",
            "CountryCode": "JP"
          }
        ],
        "Extent": [
          {
            "ExtentType": "11",
            "ExtentValue": "225",
            "ExtentUnit": "03"
          }
        ]
      },
      "CollateralDetail": {
        "TextContent": [
          {
            "TextType": "04",
            "ContentAudience": "00",
            "Text": "目次 \n大暦三年春、白帝城より船を放ち瞿唐峡を出づ、久しく夔府に居り、将に江陵に適かんとして漂泊、詩有り、凡そ四十韻 / 11\n行くゆく古城店に次りて江に汎かぶ作、鄙拙を揆らず、江陵の幕府諸公に呈し奉る / 22\n松滋の江亭に泊す / 23\n書堂飲既り、夜復た李尚書を邀えて、馬より下り月下に賦す絶句 / 24\n帰雁 / 26\n短歌行、王郎司直に贈る / 27\n憶昔行 / 30\n舟月、駅に対し寺に近し / 34\n暮帰 / 35\n居を公安の山館に移す / 36\n酔歌行、公安の顔十少府に贈る、顧八に請いて壁に題せしむ / 38\n顧八分文学が洪・吉州に適くを送る / 40\n官亭夕坐、戯れに顔十少府に簡す / 47\n公安にて韋二少府匡賛を送る / 48\n公安県の懐古 / 50\n王使君が宅に宴して題す 二首(うち一首) / 51\n公安にて李二十九弟晋粛が蜀に入るを送る、余は沔鄂に下らんとす / 52\n劉郎浦を発す / 54\n董頲に別る / 55\n夜?篥を聞く / 58\n歳晏行 / 59\n岳陽城下に泊す / 62\n岳陽楼に登る / 63\n裴使君に陪して岳陽楼に登る / 65\n帰夢 / 66\n青草湖に宿す / 67\n白沙駅に宿す / 69\n湘夫人の祠 / 70\n祠南の夕望 / 71\n遇に遣る / 72\n憂いを解く / 75\n鑿石浦に宿す / 77\n津口に過ぎる / 79\n空霊岸に次る / 80\n花石戍に宿す / 83\n清明 二首(うち一首) / 85\n潭州を発す / 87\n喬口に入る / 88\n望岳 / 89\n岳麓山・道林の二寺の行 / 93\n楼上 / 98\n遠遊 / 100\n千秋節感有り 二首 / 101\n蘇大侍御、江浦に訪う、八韻を賦して異を記す / 105\n北風 / 109\n幽人 / 110\n江漢 / 112\n地隅 / 114\n舟中の夜雪に、盧十四侍御弟を懐うこと有り / 115\n蚕穀行 / 117\n白鳧行 / 118\n故の高蜀州が人日寄せられしに追酬す幷びに序 / 119\n魏二十四司直が嶺南掌選崔郎中が判官に充てらるるを送り、兼ねて韋韶州に寄す / 127\n帰雁 二首 / 129\n江南にて李亀年に逢う / 131\n小寒食舟中の作 / 133\n燕子舟中に来たる作 / 134\n江閣雨に対し、行営の裴二端公を懐うことあり / 136\n衡山県の文宣王廟の新学堂に題す、陸宰に呈す / 138\n洞庭湖を過ぐ / 143\n舟に登りて将に漢陽に適かんとす / 144\n杜甫の足跡 / 146\n杜甫年譜 / 147\n解説 / 157\n日本における杜詩・(黒川洋一) / 205\nあとがき・(小川環樹) / 221"
          }
        ]
      },
      "PublishingDetail": {
        "Imprint": {
          "ImprintIdentifier": [
            {
              "ImprintIDType": "19"
            }
          ],
          "ImprintName": "岩波書店"
        },
        "PublishingDate": [
          {
            "PublishingDateRole": "01",
            "Date": ""
          }
        ]
      },
      "ProductSupply": {
        "SupplyDetail": {
          "ReturnsConditions": {
            "ReturnsCodeType": "04",
            "ReturnsCode": "02"
          },
          "ProductAvailability": "99"
        }
      }
    },
    "hanmoto": {
      "datecreated": "2016-04-11 19:47:01",
      "dateshuppan": "1966-01",
      "datemodified": "2016-04-11 19:47:01"
    },
    "summary": {
      "isbn": "9784003200414",
      "title": "杜詩 第8冊",
      "volume": "",
      "series": "",
      "publisher": "岩波書店",
      "pubdate": "1966-01",
      "cover": "",
      "author": "杜甫／著 鈴木虎雄／翻訳 黒川洋一／翻訳"
    }
  }
]