[
  {
    "onix": {
      "RecordReference": "9784003200919",
      "NotificationType": "03",
      "ProductIdentifier": {
        "ProductIDType": "15",
        "IDValue": "9784003200919"
      },
      "DescriptiveDetail": {
        "ProductComposition": "00",
        "ProductForm": "BZ",
        "Measure": [
          {
            "MeasureType": "01",
            "Measurement": "150",
            "MeasureUnitCode": "mm"
          },
          {
            "MeasureType": "02",
            "Measurement": "0",
            "MeasureUnitCode": "mm"
          }
        ],
        "Collection": {
          "CollectionType": "10",
          "TitleDetail": {
            "TitleType": "01",
            "TitleElement": [
              {
                "TitleElementLevel": "02",
                "TitleText": {
                  "content": "岩波文庫"
                }
              }
            ]
          }
        },
        "TitleDetail": {
          "TitleType": "01",
          "TitleElement": {
            "TitleElementLevel": "01",
            "TitleText": {
              "collationkey": "トウシセン",
              "content": "唐詩選 上"
            }
          }
        },
        "Contributor": [
          {
            "SequenceNumber": "1",
            "ContributorRole": [
              "A01"
            ],
            "PersonName": {
              "content": "前野 直彬"
            }
          },
          {
            "SequenceNumber": "2",
            "ContributorRole": [
              "A01"
            ],
            "PersonName": {
              "content": "李 攀竜"
            }
          }
        ],
        "Language": [
          {
            "LanguageRole": "01",
            "LanguageCode": "jpn",
            "CountryCode": "JP"
          }
        ],
        "Extent": [
          {
            "ExtentType": "11",
            "ExtentValue": "386",
            "ExtentUnit": "03"
          }
        ]
      },
      "CollateralDetail": {
        "TextContent": [
          {
            "TextType": "03",
            "ContentAudience": "00",
            "Text": "16世紀、明代に編まれ、江戸時代から今日まで、長らく日本人に愛誦されてきた唐詩のアンソロジー。王維・李白・杜甫ら盛唐期の詩人を中心に、128人、456篇の名詩が選ばれている。原文・訓読文に語釈・現代語訳を付す。"
          },
          {
            "TextType": "04",
            "ContentAudience": "00",
            "Text": "1 五言古詩(述懐(魏徴)\n感遇(張九齢)\n薊丘覧古(陳子昂)\n子夜呉歌(李白) ほか)\n2 七言古詩(滕王閣(王勃)\n長安古意(盧照鄰)\n公子行(劉廷芝)\n代悲白頭翁(白頭を悲しむ翁に代る)(劉廷芝) ほか)\n3 五言律詩(野望(王績)\n従軍行(楊炯)\n送杜少府之任蜀州(杜少府の任に蜀州に之くを送る)(王勃)\n晩次楽郷県(晩に楽郷県に次る)(陳子昂) ほか)"
          }
        ],
        "SupportingResource": [
          {
            "ResourceContentType": "01",
            "ContentAudience": "01",
            "ResourceMode": "03",
            "ResourceVersion": [
              {
                "ResourceForm": "02",
                "ResourceVersionFeature": [
                  {
                    "ResourceVersionFeatureType": "01",
                    "FeatureValue": "D502"
                  },
                  {
                    "ResourceVersionFeatureType": "04",
                    "FeatureValue": "9784003200919.jpg"
                  }
                ],
                "ResourceLink": "https://cover.openbd.jp/9784003200919.jpg"
              }
            ]
          }
        ]
      },
      "PublishingDetail": {
        "Imprint": {
          "ImprintIdentifier": [
            {
              "ImprintIDType": "19"
            }
          ],
          "ImprintName": "岩波書店"
        },
        "PublishingDate": [
          {
            "PublishingDateRole": "01",
            "Date": ""
          }
        ]
      },
      "ProductSupply": {
        "SupplyDetail": {
          "ReturnsConditions": {
            "ReturnsCodeType": "04",
            "ReturnsCode": "02"
          },
          "ProductAvailability": "99"
        }
      }
    },
    "hanmoto": {
      "datecreated": "2016-04-11 19:47:02",
      "dateshuppan": "2000-10",
      "datemodified": "2016-04-11 19:47:02"
    },
    "summary": {
      "isbn": "9784003200919",
      "title": "唐詩選 上",
      "volume": "",
      "series": "",
      "publisher": "岩波書店",
      "pubdate": "2000-10",
      "cover": "https://cover.openbd.jp/9784003200919.jpg",
      "author": "前野直彬／著 李攀竜／著"
    }
  }
]