[
  {
    "onix": {
      "RecordReference": "9784003200117",
      "NotificationType": "03",
      "ProductIdentifier": {
        "ProductIDType": "15",
        "IDValue": "9784003200117"
      },
      "DescriptiveDetail": {
        "ProductComposition": "00",
        "ProductForm": "BZ",
        "Measure": [
          {
            "MeasureType": "01",
            "Measurement": "150",
            "MeasureUnitCode": "mm"
          }
        ],
        "Collection": {
          "CollectionType": "10",
          "TitleDetail": {
            "TitleType": "01",
            "TitleElement": [
              {
                "TitleElementLevel": "02",
                "TitleText": {
                  "content": "岩波文庫"
                }
              }
            ]
          }
        },
        "TitleDetail": {
          "TitleType": "01",
          "TitleElement": {
            "TitleElementLevel": "01",
            "TitleText": {
              "collationkey": "ヤクチュウ ソジ",
              "content": "譯註楚辭"
            },
            "Subtitle": {
              "content": "楚辭 : 譯註"
            }
          }
        },
        "Contributor": [
          {
            "SequenceNumber": "1",
            "ContributorRole": [
              "A01"
            ],
            "PersonName": {
              "content": "橋本 循"
            }
          }
        ],
        "Language": [
          {
            "LanguageRole": "01",
            "LanguageCode": "jpn",
            "CountryCode": "JP"
          }
        ],
        "Extent": [
          {
            "ExtentType": "11",
            "ExtentValue": "397",
            "ExtentUnit": "03"
          }
        ]
      },
      "PublishingDetail": {
        "Imprint": {
          "ImprintIdentifier": [
            {
              "ImprintIDType": "19"
            }
          ],
          "ImprintName": "岩波書店"
        },
        "PublishingDate": [
          {
            "PublishingDateRole": "01",
            "Date": ""
          }
        ]
      },
      "ProductSupply": {
        "MarketPublishingDetail": {
          "MarketPublishingStatus": "00"
        },
        "SupplyDetail": {
          "ProductAvailability": "99"
        }
      },
      "CollateralDetail": {}
    },
    "hanmoto": {
      "datecreated": "2019-01-29 14:29:59",
      "dateshuppan": "1935-11",
      "datemodified": "2019-01-29 14:29:59"
    },
    "summary": {
      "isbn": "9784003200117",
      "title": "譯註楚辭 楚辭 : 譯註",
      "volume": "",
      "series": "",
      "publisher": "岩波書店",
      "pubdate": "1935-11",
      "cover": "",
      "author": "橋本循／著"
    }
  }
]