[
  {
    "onix": {
      "RecordReference": "9784003207420",
      "NotificationType": "03",
      "ProductIdentifier": {
        "ProductIDType": "15",
        "IDValue": "9784003207420"
      },
      "DescriptiveDetail": {
        "ProductComposition": "00",
        "ProductForm": "BZ",
        "Measure": [
          {
            "MeasureType": "01",
            "Measurement": "150",
            "MeasureUnitCode": "mm"
          },
          {
            "MeasureType": "02",
            "Measurement": "0",
            "MeasureUnitCode": "mm"
          }
        ],
        "Collection": {
          "CollectionType": "10",
          "TitleDetail": {
            "TitleType": "01",
            "TitleElement": [
              {
                "TitleElementLevel": "02",
                "TitleText": {
                  "content": "岩波文庫"
                }
              }
            ]
          }
        },
        "TitleDetail": {
          "TitleType": "01",
          "TitleElement": {
            "TitleElementLevel": "01",
            "TitleText": {
              "collationkey": "チョウセン タンペン ショウセツセン",
              "content": "朝鮮短篇小説選 下"
            }
          }
        },
        "Contributor": [
          {
            "SequenceNumber": "1",
            "ContributorRole": [
              "A01"
            ],
            "PersonName": {
              "content": "三枝 寿勝"
            }
          },
          {
            "SequenceNumber": "2",
            "ContributorRole": [
              "A01"
            ],
            "PersonName": {
              "content": "兪 鎭午"
            }
          },
          {
            "SequenceNumber": "3",
            "ContributorRole": [
              "A01"
            ],
            "PersonName": {
              "content": "大村 益夫"
            }
          },
          {
            "SequenceNumber": "4",
            "ContributorRole": [
              "A01"
            ],
            "PersonName": {
              "content": "崔 曙海"
            }
          },
          {
            "SequenceNumber": "5",
            "ContributorRole": [
              "A01"
            ],
            "PersonName": {
              "content": "朴 泰遠"
            }
          },
          {
            "SequenceNumber": "6",
            "ContributorRole": [
              "A01"
            ],
            "PersonName": {
              "content": "朴 花城"
            }
          },
          {
            "SequenceNumber": "7",
            "ContributorRole": [
              "A01"
            ],
            "PersonName": {
              "content": "李 孝石"
            }
          },
          {
            "SequenceNumber": "8",
            "ContributorRole": [
              "A01"
            ],
            "PersonName": {
              "content": "李 箕永"
            }
          },
          {
            "SequenceNumber": "9",
            "ContributorRole": [
              "A01"
            ],
            "PersonName": {
              "content": "李 箱"
            }
          },
          {
            "SequenceNumber": "10",
            "ContributorRole": [
              "A01"
            ],
            "PersonName": {
              "content": "玄 鎮健"
            }
          },
          {
            "SequenceNumber": "11",
            "ContributorRole": [
              "A01"
            ],
            "PersonName": {
              "content": "羅 彬"
            }
          },
          {
            "SequenceNumber": "12",
            "ContributorRole": [
              "A01"
            ],
            "PersonName": {
              "content": "金 南天"
            }
          },
          {
            "SequenceNumber": "13",
            "ContributorRole": [
              "A01"
            ],
            "PersonName": {
              "content": "金 史良"
            }
          },
          {
            "SequenceNumber": "14",
            "ContributorRole": [
              "A01"
            ],
            "PersonName": {
              "content": "金 東仁"
            }
          },
          {
            "SequenceNumber": "15",
            "ContributorRole": [
              "A01"
            ],
            "PersonName": {
              "content": "金 東里"
            }
          },
          {
            "SequenceNumber": "16",
            "ContributorRole": [
              "A01"
            ],
            "PersonName": {
              "content": "金 裕貞"
            }
          },
          {
            "SequenceNumber": "17",
            "ContributorRole": [
              "B06"
            ],
            "PersonName": {
              "content": "長 璋吉"
            }
          },
          {
            "SequenceNumber": "18",
            "ContributorRole": [
              "A01"
            ],
            "PersonName": {
              "content": "韓 雪野"
            }
          },
          {
            "SequenceNumber": "19",
            "ContributorRole": [
              "A01"
            ],
            "PersonName": {
              "content": "강, 경애"
            }
          },
          {
            "SequenceNumber": "20",
            "ContributorRole": [
              "A01"
            ],
            "PersonName": {
              "content": "이, 태준"
            }
          },
          {
            "SequenceNumber": "21",
            "ContributorRole": [
              "A01"
            ],
            "PersonName": {
              "content": "조, 명희"
            }
          },
          {
            "SequenceNumber": "22",
            "ContributorRole": [
              "A01"
            ],
            "PersonName": {
              "content": "허, 준"
            }
          }
        ],
        "Language": [
          {
            "LanguageRole": "01",
            "LanguageCode": "jpn",
            "CountryCode": "JP"
          }
        ],
        "Extent": [
          {
            "ExtentType": "11",
            "ExtentValue": "376",
            "ExtentUnit": "03"
          }
        ]
      },
      "CollateralDetail": {
        "TextContent": [
          {
            "TextType": "03",
            "ContentAudience": "00",
            "Text": "1930年代〜1940年代前半の朝鮮文学は、時代に逆行するかのように多くの秀作を生みだした。下巻には、その中から、冗談めかした語りの妙味を特徴とする金裕貞の「椿の花」「春・春」やダダイズム作家李箱の「翼」を始め、「そばの花咲く頃」「少年行」「五月の薫風」「滄浪亭の記」「泥濘」「留置場で会った男」「狩り」「巫女図」「習作室にて」の12篇を精選。"
          }
        ],
        "SupportingResource": [
          {
            "ResourceContentType": "01",
            "ContentAudience": "01",
            "ResourceMode": "03",
            "ResourceVersion": [
              {
                "ResourceForm": "02",
                "ResourceVersionFeature": [
                  {
                    "ResourceVersionFeatureType": "01",
                    "FeatureValue": "D502"
                  },
                  {
                    "ResourceVersionFeatureType": "04",
                    "FeatureValue": "9784003207420.jpg"
                  }
                ],
                "ResourceLink": "https://cover.openbd.jp/9784003207420.jpg"
              }
            ]
          }
        ]
      },
      "PublishingDetail": {
        "Imprint": {
          "ImprintIdentifier": [
            {
              "ImprintIDType": "19"
            }
          ],
          "ImprintName": "岩波書店"
        },
        "PublishingDate": [
          {
            "PublishingDateRole": "01",
            "Date": ""
          }
        ]
      },
      "ProductSupply": {
        "SupplyDetail": {
          "ReturnsConditions": {
            "ReturnsCodeType": "04",
            "ReturnsCode": "02"
          },
          "ProductAvailability": "99"
        }
      }
    },
    "hanmoto": {
      "datecreated": "2017-03-31 09:12:57",
      "dateshuppan": "1984-06",
      "datemodified": "2017-03-31 09:12:57"
    },
    "summary": {
      "isbn": "9784003207420",
      "title": "朝鮮短篇小説選 下",
      "volume": "",
      "series": "",
      "publisher": "岩波書店",
      "pubdate": "1984-06",
      "cover": "https://cover.openbd.jp/9784003207420.jpg",
      "author": "三枝寿勝／著 兪鎭午／著 大村益夫／著 崔曙海／著 朴泰遠／著 朴花城／著 李孝石／著 ほか"
    }
  }
]