[
  {
    "onix": {
      "RecordReference": "9784003203712",
      "NotificationType": "03",
      "ProductIdentifier": {
        "ProductIDType": "15",
        "IDValue": "9784003203712"
      },
      "DescriptiveDetail": {
        "ProductComposition": "00",
        "ProductForm": "BZ",
        "Measure": [
          {
            "MeasureType": "01",
            "Measurement": "150",
            "MeasureUnitCode": "mm"
          },
          {
            "MeasureType": "02",
            "Measurement": "0",
            "MeasureUnitCode": "mm"
          }
        ],
        "Collection": {
          "CollectionType": "10",
          "TitleDetail": {
            "TitleType": "01",
            "TitleElement": [
              {
                "TitleElementLevel": "02",
                "TitleText": {
                  "content": "岩波文庫"
                }
              }
            ]
          }
        },
        "TitleDetail": {
          "TitleType": "01",
          "TitleElement": {
            "TitleElementLevel": "01",
            "TitleText": {
              "collationkey": "ケッコン キョウシキョク",
              "content": "結婚狂詩曲 上"
            }
          }
        },
        "Contributor": [
          {
            "SequenceNumber": "1",
            "ContributorRole": [
              "B06"
            ],
            "PersonName": {
              "content": "中島 みどり"
            }
          },
          {
            "SequenceNumber": "2",
            "ContributorRole": [
              "A01"
            ],
            "PersonName": {
              "content": "中島 長文"
            }
          },
          {
            "SequenceNumber": "3",
            "ContributorRole": [
              "A01"
            ],
            "PersonName": {
              "content": "荒井 健"
            }
          },
          {
            "SequenceNumber": "4",
            "ContributorRole": [
              "A01"
            ],
            "PersonName": {
              "content": "銭 鍾書"
            }
          }
        ],
        "Language": [
          {
            "LanguageRole": "01",
            "LanguageCode": "jpn",
            "CountryCode": "JP"
          }
        ],
        "Extent": [
          {
            "ExtentType": "11",
            "ExtentValue": "325",
            "ExtentUnit": "03"
          }
        ]
      },
      "CollateralDetail": {
        "TextContent": [
          {
            "TextType": "03",
            "ContentAudience": "00",
            "Text": "遊びにばかり身が入って学問の方はさっぱりという我らが主人公、懐は淋しくなる、日本と戦争が始まるまでは欧州留学をきりあげ祖国中国へ。漱石の『猫』を思わせる諷刺と諧謔で語られる恋愛と結婚とその破綻の物語を通して見えてくるのは、伝統中国に包囲された絶望的な近代中国の姿だった。既成概念をうち破る中国現代小説。"
          }
        ]
      },
      "PublishingDetail": {
        "Imprint": {
          "ImprintIdentifier": [
            {
              "ImprintIDType": "19"
            }
          ],
          "ImprintName": "岩波書店"
        },
        "PublishingDate": [
          {
            "PublishingDateRole": "01",
            "Date": ""
          }
        ]
      },
      "ProductSupply": {
        "SupplyDetail": {
          "ReturnsConditions": {
            "ReturnsCodeType": "04",
            "ReturnsCode": "02"
          },
          "ProductAvailability": "99"
        }
      }
    },
    "hanmoto": {
      "datecreated": "2017-03-30 15:15:54",
      "dateshuppan": "1988-02",
      "datemodified": "2017-03-30 15:15:54"
    },
    "summary": {
      "isbn": "9784003203712",
      "title": "結婚狂詩曲 上",
      "volume": "",
      "series": "",
      "publisher": "岩波書店",
      "pubdate": "1988-02",
      "cover": "",
      "author": "中島みどり／翻訳 中島長文／著 荒井健／著 銭鍾書／著"
    }
  }
]